1;Alaplap;BIOSTAR P4M800-M4 (478) VIA MICRO DDR400 8XAGP  SATA/RAID  VGA+LAN+AU;9300;10;darab;2005-06-27
2;Alaplap;ASUS P5PE-VM (775) AGP VAG+LAN+AU;11200;23;darab;2005-06-09
3;Alaplap;ASUS P5L-MX (775) DDR2 1PCI-EX16 VGA+LAN+AU;17900;4;darab;2005-10-03
4;Alaplap;ASUS P5L-VM (775) FIREWIRE 1PCI-EX16 VGA+LAN+AU;21200;23;darab;2005-09-28
5;Alaplap;ASUS P5L (775) 1394 DDR2 1PCI-EX16 LAN+AU;21800;0;darab;2005-03-23
6;Alaplap;ASUS P5LD2-VM (775) DDR2 1PCI-EX16 VGA+LAN+AU;24900;5;darab;2006-01-21
7;Alaplap;ASUS P5VD2-MX (775) SATA RAID DDR2 PCI-EX16 VGA+LAN+AU;12700;34;darab;2005-03-28
8;Alaplap;ASUS P5V-VM DH (775) DDR2 CORE2 DUO WIFI 1PCI-EX16 VGA+LAN+AU;16800;1;darab;2005-03-07
9;Alaplap;ASUS P5GPL-X SE (775) I915PL FSB800 DDR400 PCI-EX16 GIGA-LAN+6CH.AU;14200;56;darab;2005-04-18
10;Alaplap;ASUS P5B (775) DDR2 LAN+AU PCI-EX16;30200;1;darab;2006-01-08
11;Alaplap;ASUS P5B-VM (775) IG965 DDR2/800 1PCI-EX16 CORE2 DUO   FSB1066   V+L+A;28800;4;darab;2005-08-14
12;Alaplap;ASUS P5B-E (775) I965 1PCI-EX16 DDR2/800  CORE2 DUO  FSB1066 L+A;33000;78;darab;2005-02-15
13;Alaplap;ASUS K8V-X SE (754)  VIA K8T800 FSB800 DDR400 SATA, RAID, 8XAGP 6CH.AU+GIGA-LAN ;9700;3;darab;2005-03-16
14;Alaplap;ASUS K8N (754) NFORCE3 HT 800 DDR400 8XAGP RAID AN+8CH.AU;11000;123;darab;2005-08-30
15;Alaplap;ASUS K8N4-E (754) NFORCE4 DDR400 1PCI-EX16 GIGA-LAN+8CH.AU;15400;123;darab;2005-01-07
16;Alaplap;ASUS A8N-SLI/SE (939) NFORCE4 SLI DUAL DDR400 2XPCI-EX16 LAN+AU;17700;1;darab;2005-02-12
17;Alaplap;ASUS A8N-SLI DELUX (939) NFORCE4SLI ATHL.64 DUAL DDR400 SATA 2PCI-EX16 2GB-LAN+8CH.AU 24PIN ATX;27500;1;darab;2006-01-04
18;Alaplap;ASUS A8N32-SLI DELUX (939) NFORCE4 SLI DUAL SATA2 2PCI-EX16 GB-LAN+AU;33000;56;darab;2005-01-12
19;Alaplap;ASUS M2V (AM2) VIA 1PCI-EX16 LAN+AU;15600;1;darab;2005-09-03
20;Alaplap;ASUS M2NPV-VM (AM2) DDR2 PCI-EX16 VGA+LAN+AU FIREWIRE;18400;234;darab;2005-07-01
21;Alaplap;ASUS M2N (AM2) DDR2 LAN+AU PCI-EX16;18000;234;darab;2005-03-26
22;Alaplap;ASUS M2N-VM DH (AM2) 1PCI-EX16 FIREWIRE VGA+LAN+AU;25500;1;darab;2006-01-05
23;Alaplap;ASUS M2N-SLI DELUX (AM2) DUAL DDR PCI-EX16 LAN+AU FIREWIRE;31800;1;darab;2005-06-04
24;Alaplap;ASUS M2N4-SLI (AM2) DDR2 SATA 1 PCI-EX16 LAN+AU;22800;1;darab;2005-07-23
25;Alaplap;GA-8VM800PMD (775) MICRO PM800 PRO FSB800 8XAGP DDR-II 533  V+L+A;11300;1;darab;2005-09-29
26;Alaplap;GA-8I865GME (775) MICRO DDR400 SATA 8XAGP V+L+A;11300;1;darab;2005-05-22
27;Alaplap;GA-8I945P-G-RH (775) I945G 1066Mhz DUAL DDR2 SATA 1PCI-EX16 8CH.AU+GIGA-LAN ;20500;1;darab;2005-05-12
28;Alaplap;GA-8I945PL-S3 (775) I945PL FSB800 DDR-II 533 PCI-EX16 8CH.AU+GIGA-LAN;18100;1;darab;2005-10-13
29;Alaplap;GA-945P-S3 (775) 1PCI-EX16 LAN-AU;20300;45;darab;2005-10-07
30;Alaplap;GA-K8NE (754) NFORCE4 ATH64 1600FSB DDR400 1PCI-EX16 8CH. VGA+AU+GIGA-LAN 24PIN ATX;14700;34;darab;2005-03-01
31;Alaplap;GA-M51GM-S2G (AM2) MICRO GF6100  1PCI-EX16 AU+FIREWIRE;16500;34;darab;2005-03-03
32;Alaplap;GA-M55plus-S3G (AM2) GF6100 1PCI-EX16  AU+FIREWIRE;17100;23;darab;2005-06-05
33;Alaplap;GA-M55SLI-S4 (AM2) NFORCE4 DDR2 PCI-EX16 SATA2 LAN+AU FIREWIRE;23000;234;darab;2004-12-28
34;Alaplap;754 BÕVÍTÕKÁRTYA;4400;234;darab;2005-01-27
35;Processzor;CELERON 2.66Ghz 775 256K 533Mhz DOBOZOS 64/32bit;10500;234;darab;2005-10-28
36;Processzor;CELERON 3.0 Ghz 775 512K 533Mhz DOBOZOS 64/32bit;11700;342;darab;2005-04-23
37;Processzor;CELERON 3.2 Ghz 775 512K 533Mhz DOBOZOS 64/32bit;14800;234;darab;2004-12-30
38;Processzor;P-IV 3.0 Ghz 533Mhz 1MB 775 DOBOZOS (524);16800;23;darab;2005-10-21
39;Processzor;P-IV 3.0 Ghz 800Mhz 1MB 775 DOBOZOS (531);16200;3;darab;2005-06-27
40;Processzor;INTEL CORE2 DUO 1,86Ghz  E6300  2M DOBOZOS;37900;45;darab;2005-12-15
41;Processzor;INTEL CORE2 DUO 2,13Ghz  E6400  2M DOBOZOS;45400;1;darab;2004-12-23
42;Processzor;AMD ATHLON64 3500+ 512K 939 DOBOZOS;16900;56;darab;2005-05-01
43;Processzor;AMD ATHLON64 3700+ 512K 939 DOBOZOS;19400;6;darab;2006-01-20
44;Processzor;AMD ATHLON64 3200+ AM2 DOBOZOS;17200;6;darab;2005-06-10
45;Processzor;AMD ATHLON64 3800  AM2 DOBOZOS;22500;6;darab;2005-12-17
46;Memória;256MB DDR 400Mhz GOODRAM;5300;45;darab;2005-12-16
47;Memória;512MB DDR 400Mhz GOODRAM;9800;1;darab;2005-03-13
48;Memória;512MB DDR-II 533Mhz KINGMAX LIFETIME;11300;1;darab;2005-10-05
49;Memória;512MB DDR-II 533 Mhz GOODRAM;10500;234;darab;2006-01-08
50;Memória;256MB DDR-II 667 Mhz GOODRAM;5800;12;darab;2005-09-30
51;Memória;1GB DDR-II 667 Mhz (2X512) 5300 GEIL;26300;1234;darab;2005-08-27
52;Memória;1GB DDR-II 800 Mhz (2X512MB) GEIL;28300;6;darab;2005-09-28
53;Winchester;SAMSUNG 160GB HDD 7200;11700;45;darab;2005-01-12
54;Winchester;SAMSUNG 160GB HDD 7200 8MB;12000;5;darab;2004-12-31
55;Winchester;SAMSUNG 200GB HDD 8MB;13900;5;darab;2005-08-19
56;Winchester;SAMSUNG 200GB HDD SATA-II;14200;6;darab;2005-10-07
57;Winchester;SAMSUNG 250GB HDD 8MB;14700;566;darab;2005-11-23
58;Winchester;SAMSUNG 250GB HDD SATA-II;14800;1;darab;2005-11-22
59;Winchester;SAMSUNG 300GB HDD 8MB ;18700;45;darab;2005-05-13
60;Winchester;SAMSUNG 300GB HDD SATA-II;19000;1;darab;2005-08-15
61;Winchester;SAMSUNG 400GB HDD 8MB;24600;4;darab;2005-08-14
62;Winchester;SAMSUNG 400GB HDD SATA-II;25200;65;darab;2005-04-16
63;Pocket PC;"ASUS A636 PDA+ÚTINFO MAGYARORSZÁG 3,5"" QVGA,SD SLOT";92100;656;darab;2005-09-18
64;Pocket PC;ASUS A620/ A716/ A730  AUTÓS TÖLTÕ;2400;1;darab;2005-05-18
65;Pocket PC;UNIVERZÁLIS AUTÓS PDA TARTÓ KEEPER1-NEW;5400;1;darab;2005-11-04
66;Pocket PC;PDA TARTÓ Z10748Z KEEPER1;5400;6;darab;2005-11-13
67;MP3;Arco MP3 Leját. 256MB Kék Diktafon,Fm,Színes Kijelzõ;4900;66;darab;2005-06-07
68;Monitorvezérlõ;XPERT X800 256MB TV/DVI DDR3 PCI-EXPRESS;31900;5;darab;2005-12-25
69;Monitorvezérlõ;POINT OF VIEW 7300GT 512MB (150824) PCI-EX;25100;6;darab;2005-07-27
70;Monitorvezérlõ;POINT OF VIEW 7600GS 256MB PCI-EX;27000;6;darab;2005-01-29
71;Monitorvezérlõ;POINT OF VIEW 7900GT 256MB PCI-EX    +2 JÁTÉK;70400;45;darab;2005-10-14
72;Monitorvezérlõ;GIGABYTE RADEON RX1300 PRO 256MB SILENT PIPE-II PCI-EX ;15900;34;darab;2005-03-18
73;Monitorvezérlõ;GIGABYTE RADEON RX1600 PRO 256MB SILENT PIPE-II PCI-EX;20300;534;darab;2005-08-28
74;Monitorvezérlõ;GIGABYTE 7300GT 256MB PCI-EX;18500;34;darab;2005-10-03
75;Monitorvezérlõ;GIGABYTE 7600GS 256MB TV/DVI PCI-EX;22700;4;darab;2005-01-24
76;Monitorvezérlõ;GIGABYTE NX7600GT 256MB 128bit DUAL DVI PCI-EX;37200;23;darab;2005-05-19
77;Monitorvezérlõ;ASUS RADEON EAX300SE 128MB VGA,DVI TV OUT PCI-EX;8800;234;darab;2005-05-20
78;Monitorvezérlõ;ASUS RADEON EAX550HM 256MB TV/DVI PCI-EX;11200;2343;darab;2005-08-08
79;Monitorvezérlõ;ASUS RADEON EAX700-X 128MB PCI-EX TV/DVI;17900;44;darab;2005-12-18
80;Monitorvezérlõ;ASUS RADEON EAX1300 PRO 256MB 128bit TV DVI PCI-EX;15600;4;darab;2005-06-16
81;Monitorvezérlõ;ASUS RADEON EAX1300PRO SILENT 256MB TV DVI PCI-EX;16300;4;darab;2005-04-24
82;Monitorvezérlõ;ASUS RADEON EAX1600 PRO 256MB TV/DVI PCI-EX;18800;43;darab;2005-01-26
83;Monitorvezérlõ;ASUS NVIDIA EN6200TC 64MB PCI-EX;7400;23;darab;2005-02-27
84;Monitorvezérlõ;ASUS NVIDIA EN7300GS 256MB TV/DVI PCI-EX;13400;4;darab;2006-01-17
85;Monitorvezérlõ;ASUS NVIDIA N7600GS 256MB AGP;24500;23;darab;2005-06-23
86;Monitorvezérlõ;ASUS NVIDIA EN7600GS 256MB SILENT PCI-EX;26200;76;darab;2005-01-25
87;Monitorvezérlõ;ASUS NVIDIA EN7600GS 512MB SILENT PCI-EX;29900;7;darab;2005-08-07
88;Monitorvezérlõ;ASUS NVIDIA EN7600GT 256MB TV/DVI PCI-EX;33800;7;darab;2005-04-30
89;Monitorvezérlõ;ASUS EN7900GS 256MB TV/DVI PCI-EX;43700;1;darab;2005-07-10
90;CD, DVD;LG H12N DVD ÍRÓ FEKETE OEM;6800;4;darab;2005-07-05
91;CD, DVD;LG GSA-H22N DVD ÍRÓ NATÚR OEM;6700;556;darab;2005-07-25
92;CD, DVD;LG GSA-H22N DVD ÍRÓ FEKETE OEM;6900;6;darab;2005-09-07
93;CD, DVD;LG GSA-H22LBB DVD-RW LIGHT SCRIBE NATÚR OEM;8300;3;darab;2005-08-18
94;CD, DVD;LG GSA-H22LRBB DVD-RW LIGHT SCRIBE FEKETE OEM;8300;727;darab;2005-10-11
95;CD, DVD;LG GSA-E10L KÜLSÕ USB DVD ÍRÓ LIGHT SCRIBE;15700;27;darab;2006-01-04
96;CD, DVD;ASUS 16/48 DVD FEHÉR OEM;4400;73;darab;2005-10-21
97;CD, DVD;ASUS COMBO 52X32X52X16 FEHÉR DOBOZOS CB-5216A;6300;72;darab;2004-12-31
98;CD, DVD;ASUS COMBO 52X32X52X16 FEKETE DOBOZOS CB-5216A;6100;2;darab;2006-01-02
99;CD, DVD;ASUS DVD ÍRÓ 1608 FEKETE DOBOZOS;8000;727;darab;2005-08-23
100;CD, DVD;ASUS DVD ÍRÓ 1608 NATÚR DOBOZOS;7900;7;darab;2005-09-03
101;CD, DVD;PIONEER 111 DVD ÍRÓ NATÚR OEM;7100;7;darab;2005-07-15
102;CD, DVD;PIONEER 111 DVD ÍRÓ FEKETE OEM;7100;72;darab;2005-11-25
103;Hangkártya;L8738 4 CSATORNÁS HANGKÁRTYA OEM;1100;7;darab;2005-07-21
104;Hangkártya;ASONIC L-8738-6C CSATORNÁS HANGKÁRTYA CMEDIA;1600;7;darab;2005-10-16
105;Hangkártya;USB 2.0 AUDIO ADAPTER 5.1 UTA2051;4700;2;darab;2005-05-20
106;Pen drive;512MB USB THUMB DRIVE 2.0 KINGSTON;2800;7;darab;2005-06-24
107;Pen drive;512MB USB THUMB DRIVE 2.0 A-DATA;2600;7;darab;2005-11-25
108;Pen drive;512MB USB THUMB DRIVE 2.0 GUMIS;2600;1;darab;2005-01-16
109;Pen drive;1GB USB THUMB DRIVE 2.0 OEM;4000;727;darab;2005-05-10
110;Pen drive;1GB USB THUMB DRIVE 2.0 A-DATA;3200;27;darab;2005-07-08
111;Pen drive;1GB USB THUMB DRIVE 2.0 GUMIS;3700;1;darab;2005-08-23
112;Pen drive;2GB USB THUMB DRIVE 2.0 KINGSTON;6400;2;darab;2005-12-15
113;Pen drive;4GB USB THUMB DRIVE 2.0 GUMIS;14600;5;darab;2005-03-19
114;SD kártya;256MB SD CARD KINGSTON;3200;4;darab;2005-07-27
115;SD kártya;512MB SD CARD A-DATA  ( 60x );3100;23;darab;2005-03-31
116;SD kártya;512MB SD CARD KINGSTON;3200;5;darab;2005-06-02
117;SD kártya;512MB MINI SD CARD KINGMAX;3400;5;darab;2005-02-27
118;SD kártya;1GB MICRO SD CARD KINGSTON;7100;76;darab;2006-01-19
119;COMPACT FLASH;512MB COMPACT FLASH KINGSTON;3600;5;darab;2005-11-03
120;FLASH kártya olvasók;KÁRTYAOLVASÓ USB 2.0 ALL in 1 Ezüst GUC-663x;1800;7;darab;2005-12-28
121;FLASH kártya olvasók;"KÁRTYAOLVASÓ USB 2.0 20 in 1 3,5"" fekete";2200;1;darab;2005-12-15
122;FLASH kártya olvasók;"KÁRTYAOLVASÓ USB 2.0 20 in 1 3.5"" natúr";2100;45;darab;2005-09-16
123;FLASH kártya olvasók;"Kártyaolvasó 3,5"" 1GB Feletti USB 2.0 Fekete és ezüst elõlap";4300;6;darab;2005-12-06
124;FLASH kártya olvasók;USB MULTIMÉDIA ÍRÓ OLVASÓ;10700;45;darab;2006-01-26
125;Modem;ASONIC A-2800 PCI FAXMODEM smartlink chipset 56k;1300;7;darab;2005-06-26
126;Modem;ASONIC 7554 USB 1.1 KÜLSÕ MODEM 56k;3700;5;darab;2005-05-09
127;FIREWIRE, digitalizáló kártya;ASONIC A-6306 PCI 1394 FIREWIRE CARD +KÁBEL;2100;4;darab;2005-06-23
128;FIREWIRE, digitalizáló kártya;FIREWIRE KÁRTYA 3PORT VIA CHIPSET  3010G;1500;7;darab;2005-03-02
129;FIREWIRE, digitalizáló kártya;FIREWIRE KÁRTYA 1394A 3PORT PCI-E;3300;75;darab;2005-12-25
130;FIREWIRE, digitalizáló kártya;CBF-2000 PCMCI 1394 FIREWIRE 2PORT;3500;1;darab;2005-11-11
131;FIREWIRE, digitalizáló kártya;PYRO I.LINK 1394 PYRO BASIC DC;6300;34;darab;2005-04-30
132;FIREWIRE, digitalizáló kártya;ADS USB 2.0 HARD DRIVE KIT KÜLS. MEGH. USBX-835;11600;76;darab;2005-07-29
133;FIREWIRE, digitalizáló kártya;ADS PYRO DV PREMIER ELEMENTS API-312-EG;15400;878;darab;2005-09-06
134;FIREWIRE, digitalizáló kártya;ADS DVD XPRESS USBAV-701 ;18500;6;darab;2005-11-28
135;FIREWIRE, digitalizáló kártya;ADS Instant TV Tuner USB 2.0 Külsõ +Távírányító UDBAV-704;13200;4;darab;2005-04-20
136;FIREWIRE, digitalizáló kártya;ADS INSTANT DVD + MP3 USBAV-711-EF;32800;34;darab;2005-01-20
137;FIREWIRE, digitalizáló kártya;ADS INSTANT PCI TV/FM TUNER+TÁVIRÁNYÍTÓ PTV-351-EG;9600;1;darab;2005-06-28
138;FIREWIRE, digitalizáló kártya;ADS PYRO A/V LINK KÜLSÕ ANALÓG+DV API-550;36500;76;darab;2005-12-22
139;Monitor;"HYUNDAI 6N71S 17"" 8ms AUDIO 75Mhz 1280X1024";41100;765;darab;2005-03-29
140;Monitor;"HYUNDAI 6N91S 19"" 8ms AUDIO 75Mhz 1280X1024";50200;4;darab;2005-08-19
141;Monitor;"HYUNDAI 6L90D PLUS 19"" MONITOR";69600;1;darab;2005-07-26
142;Monitor;"HYUNDAI 6Q90U 19"" 2ms USB HUB";80800;56;darab;2005-07-14
143;Monitor;"ACER 1714 17"" 6ms";40700;765;darab;2005-11-04
144;Monitor;"ACER 1716AS 17"" 8ms";40700;4;darab;2005-09-17
145;Monitor;"ACER 1916AS 19"" 8ms";52400;1;darab;2005-12-19
146;Monitor;"ACER 1916 19"" TFT MONITOR";52100;345;darab;2005-06-05
147;Monitor;"SAMSUNG 710N 17"" TFT MONITOR";44300;1;darab;2005-11-20
148;Monitor;"SAMSUNG 720N 17"" TFT MONITOR";44700;343;darab;2005-01-20
149;Monitor;"SAMSUNG 740N 17"" LCD MONITOR";48700;1;darab;2005-12-18
150;Monitor;"PRESTIGIO P170T 17"" TFT Multimédia";42900;7;darab;2005-02-11
151;Monitor;"LG L1752S-SF 17"" LCD";43400;6;darab;2005-04-01
152;Monitor;"LG 17"" L1732P-SN TFT MONITOR 4ms";67400;1;darab;2005-10-09
153;Monitor;NEOVO M-19B TFT;77000;54;darab;2005-05-02
154;Monitor;MONITOR KAR TFT MONITORHOZ;5300;56;darab;2005-10-16
155;ATA,  RAID, SATA kártya;ATA 133 PCI 4PORT RAID KÁRTYA;3500;1;darab;2005-12-22
156;ATA,  RAID, SATA kártya;SATA RAID KÁRTYA 2 CSATORNÁS;3800;44;darab;2006-01-14
157;ATA,  RAID, SATA kártya;SATA RAID KÁRTYA 4 CSATORNÁS;6200;56;darab;2005-09-19
158;ATA,  RAID, SATA kártya;SATA-II RAID KÁRTYA PCI-E 2 CSATORNÁS;7400;4;darab;2005-03-16
159;ATA,  RAID, SATA kártya;SATA-II RAID KÁRTYA PCI+X 2 CSATORNÁS;14800;1;darab;2005-09-30
160;ATA,  RAID, SATA kártya;SATA-IDE BELSÕ ADAPTER ÁTALAKÍTÓ;3300;5;darab;2005-10-24
161;Infraport;IL-400 PC ALAPLAPI INFRAPORT;3900;334;darab;2005-07-18
162;Infraport;INFRA PORT USB B.C. FEKETE;2000;2;darab;2005-10-17
163;Infraport;INFRA PORT USB MII 890;2400;5;darab;2005-09-12
164;Infraport;IL-600 USB INFRAPORT;2600;76;darab;2006-01-09
165;BLUETOOTH eszköz;BT410D USB BLUETOOTH 10m;6000;78;darab;2005-07-18
166;BLUETOOTH eszköz;XBT-DG6X BLUETOOTH DONGLE 2 20m;3200;56;darab;2005-11-05
167;BLUETOOTH eszköz;TGD-04B BLUETOOTH USB 100m FEKETE;2700;45;darab;2005-02-15
168;BLUETOOTH eszköz;TGD-04B BLUETOOTH USB 100m KÉK;2700;5;darab;2005-06-05
169;BLUETOOTH eszköz;XBT-PACX BLUETOOTH USB+PARALELL;8600;6;darab;2005-03-31
170;BLUETOOTH eszköz;EPOX BLUETOOTH USB PRINTSZERVER  PA02;11700;6;darab;2005-01-20
171;Vonalkódolvasó;VONALKÓDOLVASÓ CCD PS/2;13400;1;darab;2005-09-16
172;Vonalkódolvasó;VONALKÓDOLVASÓ CCD USB;13400;1;darab;2005-06-23
173;Vonalkódolvasó;VONALKÓDOLVASÓ LASER  ;25300;0;darab;2005-12-25
174;Vonalkódolvasó;VONALKÓDOLVASÓ LASER USB;27100;0;darab;2005-05-18
175;Biztonsági eszközök;GRAND DSP COLOR CCD KAMERA 1510;20900;0;darab;2005-08-15
176;Biztonsági eszközök;GRAND MULTI GUARD 4PORT BIZTONSÁGI KÁRTYA 1506;50400;0;darab;2005-01-07
177;Biztonsági eszközök;CCTV KAMERÁHOZ TARTÓ ALUMINIUM;1100;0;darab;2005-12-12
178;Biztonsági eszközök;CCTV KAMERÁHOZ KÜLTÉRI ALUMINIUM;1800;0;darab;2005-01-22
179;Biztonsági eszközök;MINI KAMERA TÁPEGYSÉG 12VDC;1800;0;darab;2005-05-23
180;Biztonsági eszközök;MINI KAMERA SONYCCD BELTÉRI 92fok;16800;0;darab;2005-09-09
181;Biztonsági eszközök;MINI KAMERA SONYCCD KÜLTÉRI 92fok;20200;0;darab;2005-11-28
182;Biztonsági eszközök;VIDEO-AUDIO TRANSCEIVER 1 PORT SP-111AV;5200;0;darab;2005-07-19
183;Biztonsági eszközök;GEOVISION BIZTONSÁG TECHNIKAI  RENDSZER 2KAMERÁS;23900;1;darab;2005-10-31
184;Biztonsági eszközök;GEOVISION BIZTONSÁG TECHNIKAI RENDSZER 4KAMERÁS;29400;0;darab;2004-12-25
185;Biztonsági eszközök;GEOVISION BIZTONSÁG TECHNIKAI RENDSZER 6KAMERÁS;36800;1;darab;2005-12-05
186;ASUS notebook;W1VC-S002 Pentium-M 760 2.0ghz 2x512MB (533) 80Gb,DVD+-RW;471900;0;darab;2006-01-15
187;ASUS notebook;A6U-5050 Amd Turion64 MT30 512Mb 60GB DVD+- RW;196400;0;darab;2005-09-10
188;ASUS notebook;A6JC-Q007 T2300-1,66Ghz-napa 512Mb DDR-II Nv GO7300-256M;305700;1;darab;2005-06-21
189;ASUS notebook;V6J-8003 Pentium-M T2400-1,83Ghz 2x512MB (667) 100Gb;520300;0;darab;2005-01-22
190;ASUS notebook;A7JB-R003 Intel T2400 1,83Ghz 2x512MB (667) 100Gb DVD-+RW;451000;1;darab;2005-06-25
191;ASUS notebook;A3VC-5003H Pentium-M 740 1,73Ghz 512MB DDR-II 60Gb;290400;1;darab;2005-08-17
192;ASUS notebook;A6KM-Q010 Amd Turion MT32  512Mb (333) 80Gb DVD-+RW;280900;1;darab;2005-02-22
193;ASUS notebook;W2JC-U002 T2400-2Ghz 1024Mb (667) 100GB DVD+-RW;644600;1;darab;2005-03-02
194;ASUS notebook;A6U-5108 Amd sempron 3100+ 256MB (333) 40GB DVD-+RW;174000;1;darab;2005-05-03
195;ASUS notebook;A6U-5110 Amd Sempron 3100+ 256MB (333) 60GB DVD+-RW;187000;1;darab;2005-04-13
196;ASUS notebook;A6U-5110H Amd Sempron 3100+ 256MB (333) 60GB DVD+-RW;203500;1;darab;2004-12-24
197;ASUS notebook;A6U-5111 Amd Turion64 MT32 512MB (333) 60GB DVD+-RW;212300;1;darab;2005-09-13
198;ASUS notebook;A6U-5131 Amd Sempron 3100+ 256MB (333) 60GB DVD+-RW;182400;1;darab;2005-07-12
199;ASUS notebook;A6U-5153 Amd Sempron 3300+ 256MB (333) 60GB DVD+-RW;173800;1;darab;2005-08-14
200;ASUS notebook;A6U-B095 Amd Sempron 3100+ 512MB (333) 60GB DVD+-RW;194300;1;darab;2005-04-23
201;ASUS notebook;A6U-B095H Amd Sempron 3100+ 512mb (333) 60GB DVD+-RW;210600;1;darab;2005-11-16
202;ASUS notebook;W5F-G006 T2300-1,66Mhz 2MBL2 YONAH 512MB DDR-II 80GB;411300;1;darab;2005-08-10
203;ASUS notebook;U5A-6012 Pentium M740 1,73Ghz 512MB DDR-II 80GB DVD+-RW;372900;1;darab;2005-06-23
204;ASUS notebook;A3FC-5033 Pentium T1300-1,6GHZ 512MB DDR-II 80GB DVD+-RW;243000;1;darab;2005-03-07
205;ASUS notebook;M9A-4003 Pentium-M Dothan 740 1,73Ghz 512MB DDR-II 60GB;296900;1;darab;2005-06-24
206;ASUS notebook;A3H-5014 Celeron-M 380 1,6Ghz 1ML2 256MB 533 60GB;170400;1;darab;2005-08-08
207;ASUS notebook;A3H-5014H Celeron-M 380 1,6Ghz 1ML2 256MB 533 60GB;185800;1;darab;2005-07-07
208;ASUS notebook;A3HF-5A012 Yonah-Celeron-M 420 1,6Ghz 1ML2 512MB 533 80GB;175500;1;darab;2005-10-27
209;ASUS notebook;A6R-B002 Celeron-M 380 1,6Ghz 1ML2 512MB 533 60GB;191900;10;darab;2005-05-24
210;ASUS notebook;A6R-B037 Celeron-M 390 1,7Ghz 1ML2 512MB 533 60GB;200100;1;darab;2005-07-15
211;ASUS notebook;A6R-B115 Celeron-M 390 1,7Ghz 1ML2 512MB 533 80GB;197500;12;darab;2005-04-29
212;ASUS notebook;A6JA-Q015 T2300-1,66Ghz 2MBL2-Napa 512MB DDR-II X1600-256MB;360700;34;darab;2005-02-06
213;ASUS notebook;A6JC-Q035 T1300-1,66Ghz-Napa 512MB DDR-II Nvidia GO7300-256MB;284200;234;darab;2005-08-31
214;Tápegység;ROLINE TÁPTESZTER LCD-S  13.01.3330;7500;234;darab;2005-09-28
215;Tápegység;TÁPEGYSÉGVÉDÕ ÁRAMKÕR;1600;1;darab;2005-10-01
216;Tápegység;TÁPEGYSÉGVÉDÕ ÁRAMKÕR 2X5,25;1800;1;darab;2005-11-27
217;Tápegység;TÁPEGYSÉGVÉDÕ ÁRAMKÕR M512 DOBOZOS;1800;1;darab;2005-06-29
218;Tápegység;DC ADAPTER 12V 350ma ADC1203D;1700;243;darab;2005-10-29
219;Tápegység;ROLINE 300W TÁPEGYSÉG CE, PFC, TÜV;4300;0;darab;2005-06-07
220;Tápegység;ROLINE 450W TÁPEGYSÉG CE, PFC, TÜV;6200;1;darab;2005-09-03
221;Tápegység;CODEGEN P-IV 400W ATX REDUNDÁS TÁP;21300;1;darab;2005-02-10
222;Tápegység;MS GOLD Táp 400W Dobozos 12CM Csendes TÁP MS-400ATXP4;3600;8;darab;2005-07-19
223;Tápegység;CHIEFTEC 350W TÁP 12CM;7600;56;darab;2005-11-11
224;Tápegység;CHIEFTEC 400W TÁP 12CM OEM;10100;1;darab;2005-04-28
225;Tápegység;CHIEFTEC 450W TÁP 12CM;10900;1;darab;2005-04-03
226;Tápegység;ENERMAX EG285SX-VB-G-SFM MICRO TÁPEGYSÉG;11000;56;darab;2005-05-26
227;Tápegység;ENERMAX 370W FMA2 EG-375AX-VE TÁPEGYSÉG;15800;1;darab;2005-03-20
228;Tápegység;ENERMAX LIBERTY ELT400AWT TÁPEGYSÉG;17900;1;darab;2005-11-23
229;Tápegység;ENERMAX 460W FMA2 EG-465AX-VE TÁPEGYSÉG;20700;45;darab;2005-03-09
230;Tápegység;ENERMAX LIBERTY ELT500AWT TÁPEGYSÉG;24700;1;darab;2005-11-06
231;Tápegység;ENERMAX 560W FMA2 EG-565AX-VE TÁPEGYSÉG;25000;1;darab;2005-01-09
232;Tápegység;ENERMAX LIBERTY ELT620AWT TÁPEGYSÉG;37900;1;darab;2005-12-31
233;Szünetmentes Tápegység;POWERCOM 400VA SZÜNETMENTES TÁP BNT400A;7700;1;darab;2006-01-02
234;Szünetmentes Tápegység;POWERCOM 500VA SZÜNETMENTES TÁP BNT500A;8500;0;darab;2005-03-15
235;Szünetmentes Tápegység;POWERCOM 600VA SZÜNETMENTES TÁP BNT600A;9400;1;darab;2005-08-28
236;Szünetmentes Tápegység;POWERCOM 600VA SOROS SZÜNETMENTES BNT600AP;10400;1;darab;2005-07-25
237;Szünetmentes Tápegység;POWERCOM 800VA SOROS SZÜNETMENTES BNT800AP;16500;1;darab;2005-12-10
238;Szünetmentes Tápegység;POWERCOM 1000VA USB SZÜNETMENTES BNT1000APU;25700;1;darab;2005-12-11
239;Szünetmentes Tápegység;POWERCOM 1500VA USB SZÜNETMENTES BNT1500APU;37400;0;darab;2005-11-18
240;Szünetmentes Tápegység;KEBO OFFLINE 500VA + TEL. TÚLFESZ. VÉDÕ UPS-500L ;8900;1;darab;2006-01-07
241;Szünetmentes Tápegység;KEBO LINE 600VA UPS+TEL TÚLFESZ.VÉDÕ UPS-600A FEKETE;12000;1;darab;2005-04-16
242;Szünetmentes Tápegység;KEBO LINE 650VA UPS + TEL. TÚLFESZ VÉDÕ;13700;1;darab;2005-06-27
243;Szünetmentes Tápegység;KEBO UPS650D LCD+TEL. TÚLFESZVÉDÕ;16100;0;darab;2005-06-16
244;Szünetmentes Tápegység;APOLLÓ 1080A SZÜNETMENTES 800VA;20200;1;darab;2005-11-01
245;Szünetmentes Tápegység;APC BACK-UPS 350VA SZÜNETMENTES BK350EI ;18400;1;darab;2005-07-23
246;Szünetmentes Tápegység;APC BACK-UPS 350VA SZÜNETMENTES GR BF350GR;20000;1;darab;2005-04-03
247;Szünetmentes Tápegység;APC BACK-UPS 500VA SZÜNETMENTES BK500EI;19800;1;darab;2005-04-01
248;Szünetmentes Tápegység;APC BACK-UPS 500VA SZÜNETMENTES GR BF500GR;21900;1;darab;2005-08-20
249;Szünetmentes Tápegység;APC BACK-UPS 500VA SZÜNETMENTES AVR BR500I;28900;1;darab;2005-01-30
250;Szünetmentes Tápegység;APC BACK-UPS ES 550VA BE-550-GR;20100;1;darab;2005-04-03
251;Szünetmentes Tápegység;APC BACK-UPS 650VA SZÜNETMENTES BK650EI;23400;1;darab;2005-12-22
252;Szünetmentes Tápegység;APC BACK 800 VA AVR UPS BR800I;39600;1;darab;2005-05-18
253;Szünetmentes Tápegység;APC E20-F ZAVARSZÛRÕS ELOSZTÓ;1800;1;darab;2005-04-16
254;Szünetmentes Tápegység;APC PH6T3-GR 6db Csatlakozóaljzat telefon védelem 2,4m;5200;0;darab;2006-01-20
255;Szünetmentes Tápegység;APC PH6VT3-GR 6db Csatlakozóalj. telefon és koax kábeli védelem;5500;1;darab;2005-08-07
256;Szünetmentes Tápegység;APC PROTECNET TELEFON PNET2;5300;1;darab;2005-08-19
257;Szünetmentes Tápegység;ZAVARSZÛRÕS ELOSZTÓ NATÚR;1600;1;darab;2005-10-08
258;Szünetmentes Tápegység;HÁLÓZATI ELOSZTÓ 6-os /4 PROGRAM SIS-PM;6000;1;darab;2004-12-28
259;Szünetmentes Tápegység;APC ELOSZTÓ PF8VNT3-GR;8000;1;darab;2005-03-11
260;Nyomtató;HP DESKJET 3920 TINTASUGARAS NYOMTATÓ;9200;1;darab;2005-04-23
261;Nyomtató;HP DESKJET 3940 NYOMTATÓ;10700;1;darab;2005-08-12
262;Nyomtató;HP DESKJET 1360 TINTASUGARAS NYOMTATÓ;8100;1;darab;2005-04-08
263;Nyomtató;HP DESKJET 2360 TINTASUGARAS NYOMTATÓ;11400;1;darab;2005-10-08
264;Nyomtató;HP DESKJET 5440 TINTASUGARAS PHOTO NYOMTATÓ;13400;1;darab;2005-09-06
265;Nyomtató;HP DESKJET 5940 TINTASUGARAS PHOTO NYOMTATÓ;19700;1;darab;2005-08-06
266;Nyomtató;HP DESKJET F380 MULTIFUNKCIÓS NYOMTATÓ;19600;1;darab;2005-01-14
267;Nyomtató;HP DESKJET 6940 TINTASUGARAS NYOMTATÓ ;29400;0;darab;2005-12-09
268;Nyomtató;HP C3180 MULTIFUNKCIÓS NYOMTATÓ;23200;0;darab;2005-05-13
269;Nyomtató;HP PSC 1510 MULTIFUNKCIÓ+PHOTO;24600;0;darab;2005-09-09
270;Nyomtató;HP PHSM D5160 FOTÓNYOMTATÓ;23300;0;darab;2005-12-16
271;Nyomtató;HP PHSM 8050 FOTÓNYOMTATÓ;28800;1;darab;2005-11-13
272;Nyomtató;HP LASERJET 1018 NYOMTATÓ;22000;1;darab;2005-12-26
273;Nyomtató;HP LASERJET 1020 NYOMTATÓ;32700;1;darab;2005-08-06
274;Nyomtató;HP LASERJET 1600 SZÍNES NYOMTATÓ;57600;1;darab;2005-01-08
275;Nyomtató;HP LASER 2600 SZÍNES;76400;1;darab;2005-06-24
276;Nyomtató;CANON IP1200 NYOMTATÓ ;9500;1;darab;2005-07-13
277;Nyomtató;CANON IP1300 NYOMTATÓ ;9100;1;darab;2005-01-02
278;Nyomtató;CANON IP1700 A4 TINTASUGARAS NYOMTATÓ;12300;1;darab;2005-10-31
279;Nyomtató;CANON IP3300 A4 TINTASUGARAS NYOMTATÓ;19300;1;darab;2005-08-28
280;Nyomtató;CANON IP4300 A4 TINTASUGARAS NYOMTATÓ;24800;1;darab;2005-08-21
281;Nyomtató;CANON IP5200 NYOMTATÓ;28500;1;darab;2005-10-06
282;Nyomtató;CANON PIXMA MP150 TINTASUGARAS NYOMTATÓ;18700;1;darab;2005-07-09
283;Nyomtató;SAMSUNG SCX-4521F MULTIFUNKCIÓS NYOMTATÓ;65200;1;darab;2005-12-02
284;Scanner;GENIUS SCANNER VIVD 1200XE USB/I;10200;1;darab;2005-07-04
285;Scanner;CANON LIDE25 USB 2.0 SCANNER;12400;1;darab;2005-01-05
286;Scanner;CANON LIDE60 USB 2.0 SCANNER;18500;1;darab;2005-06-17
287;Scanner;HP SCANJET 3800 SCANNER;16300;1;darab;2005-01-28
288;Billentyûzet;DELUX 7003P PS/2 NATÚR BILL.;1000;1;darab;2005-05-09
289;Billentyûzet;DELUX 7010 USB SMALL Bill.;1100;1;darab;2005-08-03
290;Billentyûzet;DELUX 7563 PS/2 MULTIMÉDIA Bill. EZÜST;1000;0;darab;2005-04-24
291;Billentyûzet;DELUX 5002 MULTIMÉDIA PS/2 EZÜST-FEKETE;1200;1;darab;2006-01-01
292;Billentyûzet;KME 3502 USB WIRELESS Bill.+ OPTIKAI MOUSE;2800;1;darab;2005-03-30
293;Billentyûzet;WINBOOK 9852 Bill.+Mouse RF ;5500;1;darab;2005-04-21
294;Billentyûzet;GENIUS KB-10X Bill. PS/2;1500;1;darab;2005-07-12
295;Billentyûzet;GENIUS SLIMSTAR 100 PS/2 HU Bill.;2400;1;darab;2005-11-25
296;Billentyûzet;GENIUS LUXENATE 300 PS/2 Bill.;3500;1;darab;2005-10-29
297;Billentyûzet;GENIUS LUXEMATE 300 USB-PS/2 HU Bill.;3900;1;darab;2005-09-18
298;Billentyûzet;LOGITECH OFFICE INTERNET OEM BILL. NATÚR;1400;1;darab;2005-03-19
299;Billentyûzet;LOGITECH DELUX Bill. FEKETE;2000;1;darab;2006-01-06
300;Billentyûzet;LOGITECH OEM INTERNET PRO NATÚR Bill.;2300;1;darab;2005-07-03
301;Billentyûzet;LOGITECH OEM INTERNET PRO FEKETE Bill.;2700;1;darab;2005-03-30
302;Billentyûzet;LOGITECH INTERNET 350 OEM NATÚR BILLENTYÛ;2400;1;darab;2005-03-12
303;Billentyûzet;LOGITECH INTERNET 350 OEM FEKETE BILLENTYÛ;2600;1;darab;2005-09-18
304;Billentyûzet;LOGITECH CORDLESS DELUX 650 Bill. Mouse OEM;6000;1;darab;2005-01-02
305;Billentyûzet;LOGITECH CORDLESS DESKTOP OPT. OEM Bill+Mouse Fekete;6500;1;darab;2005-03-11
306;Billentyûzet;LOGITECH CORDL. Internet Pro OEM Bill.+Mouse Wireless Fekete;6300;1;darab;2005-05-02
307;Billentyûzet;LOGITECH CORDL. Internet Pro OEM Bill.+Mouse WIRELESS Natúr;5500;1;darab;2005-01-29
308;Billentyûzet;LOGITECH EX-110 CORDLESS BILL.MOUSE FEKETE;6900;1;darab;2005-02-10
309;Billentyûzet;Logitech LX700 Cordless + Tölthetõ vezeték nélküli opt. Mouse;18800;1;darab;2005-08-13
310;Billentyûzet;LOGITECH MX3000 CORDLESS DESKTOP LÉZER;20000;1;darab;2005-12-08
311;Billentyûzet;MS MULTIMÉDIA OPTICAL VALUE PS/2 HUN;4800;1;darab;2005-01-10
312;Billentyûzet;MS OEM WIRELESS Bill.+OPTIKAI MOUSE;11000;0;darab;2005-03-14
313;Billentyûzet;A4-TECH NUMERIKUS BILL. USB EZÜST;1400;1;darab;2005-04-23
314;Billentyûzet;NUMERIKUS PAD USB TK-5;1500;0;darab;2005-08-19
315;Egér;SLIMOUSE NOTEBOOKHOZ USB FEKETE;1800;1;darab;2006-01-20
316;Egér;SLIMOUSE NOTEBOOKHOZ USB FEKETE-PIROS;1800;1;darab;2005-11-20
317;Egér;SLIMOUSE NOTEBOOKHOZ USB DOBOZOS CHROME;2200;0;darab;2005-11-22
318;Egér;SLIMOUSE DÍSZDOBOZOS RÁDIÓS EZÜST;4100;12;darab;2005-07-07
319;Egér;SLIMOUSE DÍSZDOBOZOS RÁDIÓS FEKETE;4100;0;darab;2005-08-17
320;Egér;DELUX 340 OPTICAL MOUSE USB/PS/2 SÁRGA;900;12;darab;2005-12-15
321;Egér;DATACE MOUSE PS/2 ( KIS DOBOZ );600;0;darab;2005-10-08
322;Egér;AZONA PRO OPTICAL PS/2/USB OP2001 MOUSE;3400;1;darab;2005-05-14
323;Egér;A4-Tech Fast mouse OK-520/720 AT;400;120;darab;2005-02-21
324;Egér;A4-Tech Fast mouse OK-520/720 PS/2;400;0;darab;2005-07-11
325;Egér;A4-Tech WOP-35 OPTIKAI MOUSE;1600;0;darab;2005-11-12
326;Egér;A4 Tech SWOP-35 OPTIKAI 1 SCROLL MOUSE;1100;0;darab;2005-02-02
327;Egér;GENIUS NETSCROLL PS/2 NATÚR MOUSE;500;1;darab;2005-08-30
328;Egér;GENIUS NETSCROLL PS/2 FEKETE MOUSE;500;11;darab;2005-09-19
329;Egér;GENIUS NETSCROLL EYE OPTIKAI PS/2;1000;0;darab;2005-03-24
330;Egér;GENIUS NETSCROLL EYE PS/2 FEKETE;1100;1;darab;2005-10-31
331;Egér;GENIUS NETSCROLL EYE PS/2 METALIC;1100;0;darab;2005-08-01
332;Egér;GENIUS XSCROLL OPTIKAI MOUSE USB;1100;1;darab;2005-10-24
333;Egér;GENIUS XSCROLL OPTIKAI MOUSE PS/2;1000;1;darab;2005-02-09
334;Egér;Genius Netscroll Wireless+Travele Optikai+Akku+Töltõ USB;4900;1;darab;2005-05-27
335;Egér;GENIUS NAVIGÁTOR 5000 WIRELESS MOUSE 800Dpi USB-PS/2;4900;1;darab;2005-08-30
336;Egér;MS BASIC OPTICAL PS/2 USB MOUSE NATÚR;2000;1;darab;2005-08-24
337;Egér;MS BASIC OPTICAL PS/2 USB MOUSE FEKETE;2000;1;darab;2005-02-16
338;Egér;MS WHEEL OPTICAL PS/2 /USB OEM NATÚR MOUSE;2300;1;darab;2005-06-06
339;Egér;MS WHEEL OPTICAL PS/2 /USB OEM FEKETE MOUSE;2300;1;darab;2005-01-19
340;Egér;MS INTELLI USB/PS/2 MOUSE;3700;1;darab;2005-07-04
341;Egér;MS INTELLI  EXPLORER TILT WHEEL MOUSE;5400;1;darab;2005-09-16
342;Egér;MS WIRELESS OPTICAL TILT WHEEL MOUSE;4500;1;darab;2005-02-13
343;Egér;MS WIRELESS NOTEBOOK 4000 USB OPTIKAI MOUSE;5400;1;darab;2005-10-15
344;Egér;MS LASER 6000 MOUSE USB;6500;1;darab;2005-10-15
345;Egér;LOGITECH B58 OEM NATÚR MOUSE;1900;1;darab;2005-11-16
346;Egér;LOGITECH B58 OEM FEKETE MOUSE;1900;1;darab;2005-09-10
347;Egér;LOGITECH S90 OEM MOUSE FEKETE OPTIKAI;1300;1;darab;2006-01-25
348;Egér;LOGITECH S90 OEM MOUSE NATÚR OPTIKAI;1300;1;darab;2005-04-05
349;Egér;LOGITECH S96 OEM MOUSE NATÚR OPTIKAI;1400;1;darab;2005-02-24
350;Egér;LOGITECH S96 OEM MOUSE FEKETE OPTIKAI;1400;1;darab;2005-10-07
351;Egér;LOGITECH RX300 FEKETE OEM MOUSE;2400;1;darab;2005-04-20
352;Egér;LOGITECH RX300 NATÚR OEM MOUSE;2400;1;darab;2005-08-18
353;Egér;LOGITECH MX1000 LASER MOUSE;13400;1;darab;2005-03-08
354;Egér;LOGITECH RX1000 PREMIUM LASER OEM;4300;1;darab;2005-04-05
355;Egér;LOGITECH G5 LASER MOUSE;16100;1;darab;2005-08-04
356;Egér;LOGITECH G7 CORDLESS LASER MOUSE;18700;1;darab;2005-12-26
357;Egér;LOGITECH CORDLESS 2.4 Ghz PRESENTER;14900;1;darab;2005-08-15
358;CD DVD lemez;TDK CD-R 52X 80' CD LEMEZ SLIM;200;1;darab;2005-09-13
359;CD DVD lemez;TDK CD-RW 4-12X LEMEZ NORMÁLTOK;300;1;darab;2005-04-17
360;CD DVD lemez;TDK CD-R 52X 80' CD LEMEZ 25db/cs;2600;1;darab;2005-09-24
361;CD DVD lemez;VERBATIM 80' ÍRHATÓ CD 10db/cs;1000;1;darab;2005-03-13
362;CD DVD lemez;VERBATIM 80' ÍRHATÓ SLIM CD 52X;200;1;darab;2005-11-27
363;CD DVD lemez;EURODATA 80' ÍRHATÓ CD 4db/cs;600;1;darab;2005-06-03
364;CD DVD lemez;VERBATIM 80' ÚJRAÍRHATÓ CD;300;1;darab;2005-01-09
365;CD DVD lemez;VERBATIM DVD+R 16X 4.7GB;300;1;darab;2005-10-21
366;CD DVD lemez;VERBATIM DVD-R 16X 4.7GB 10db/csomag;1700;1;darab;2005-01-16
367;CD DVD lemez;VERBATIM DVD+R 4.7GB 16X NORMÁLTOKOS;300;1;darab;2005-12-12
368;CD DVD lemez;VERBATIM DVD+R 4,7GB NYOMTATHATÓ X16 LEMEZ;300;1;darab;2004-12-29
369;CD DVD lemez;VERBATIM DVD-RW 4X 4.7GB;400;1;darab;2005-05-18
370;CD DVD lemez;VERBTATIM DVD+RW 4X 4.7GB;400;1;darab;2005-06-01
371;CD DVD lemez;VERBATIM DVD-R 8.5GB 4X DOUBLELAYER;1400;1;darab;2005-01-30
372;CD DVD lemez;VERBATIM DVD+R 8.5GB 2-4X DOUBLELAYER;1100;1;darab;2005-06-11
373;CD DVD lemez;VERBATIM DVD+R 4,7GB LIGHTSCRIBE;400;1;darab;2005-10-20
374;CD DVD lemez;TDK EHG60 VHS-C KAMERA KAZETTA;1400;1;darab;2005-02-16
375;Szoftver;MS WINDOWS' XP HOME EDITION OEM ;19600;1;darab;2005-12-28
376;Szoftver;MS WINDOWS' XP PROFESSIONAL OEM HU;31500;1;darab;2005-08-04
377;Szoftver;MS OFFICE XP SMALL BUSINESS OEM ;51400;1;darab;2005-03-29
378;Szoftver;MS OFFICE XP PROFESSIONAL OEM ;71000;1;darab;2005-10-20
379;Szoftver;MSR OFFICE STUDENT AND TEACHER 2003 WIN32 HUN;36300;1;darab;2005-08-28
380;Szoftver;MS OFFICE 2003 BASIC EDITION OEM ;42100;1;darab;2005-08-21
381;Szoftver;MS OFFICE 2003 SMALL BUSINESS OEM;55300;1;darab;2005-06-30
382;Szoftver;MS OFFICE 2003 PRO OEM;69000;1;darab;2005-10-10
383;Szoftver;MS MSR OFFICE 2003 WIN32 CD HU;69700;0;darab;2005-06-08
384;Szoftver;BITDEFENDER 9 INTERNET SECURITY 1USER+ HORDOZÓ;11900;1;darab;2005-11-04
385;Szoftver;BITDEFENDER 9 PROFESSIONAL PLUS 1 USER + HORDOZÓ;16500;1;darab;2005-12-26
386;Szoftver;BITDEFENDER 9 STANDARD 1 USER + HORDOZÓ;5500;1;darab;2005-02-02
387;Szoftver;McAfee VÍRUSCAN HOME 2006 / 10.0;5900;1;darab;2005-12-13
388;Szoftver;McAfee INTERNET SECURITY 2006 SUITE 8.0;9400;1;darab;2005-05-11
389;Szoftver;ED NOD32 ANTIVÍRUS SYSTEM WIN;8600;1;darab;2005-01-31
390;Szoftver;NORTON INTERNET SEC. 2006 + AJÁNDÉK DVD MADAGASZKÁR;16600;1;darab;2005-10-26
391;Szoftver;NORTON ANTIVÍRUS 2007 HU;8700;1;darab;2005-01-12
392;Szoftver;NORTON ANTIVÍRUS 2007 HU UPGRADE;8700;0;darab;2005-02-22
393;Szoftver;NORTON INTERNET SECURITY 2007 HU;13500;1;darab;2005-08-03
394;Szoftver;NORTON INTERNET SECURITY 2007 HU UPG;12300;1;darab;2005-07-14
395;Szoftver;PANDA TITANIUM ANTIVÍRUS 2006+ ANTISPYWARE HUN;7700;1;darab;2005-03-25
396;Szoftver;PANDA Titanium Antivírus 2006 UPG Antispyware HUN renewal 1év;6100;1;darab;2005-02-27
397;Szoftver;PANDA PLATINUM Internet security 2006+Antispyware hu;13500;1;darab;2005-08-26
398;Szoftver;PANDA Platinum Inter.Sec. 2006 UPG. Antispyware Hun Renewal 1év;9400;1;darab;2005-11-09
399;Szoftver;NÉRÓ 7 PREMIUM;14800;1;darab;2005-09-18
400;Hangszóró;KME 6515 4.1 PMPO 820W FEKETE HANGSZÓRÓ;4300;1;darab;2005-08-14
401;Hangszóró;KME 7620 4.1 PMPO 1000W FEKETE HANGSZÓRÓ;5100;0;darab;2005-11-26
402;Hangszóró;CODEGEN 004 HANGSZÓRÓ 2.0 FEKETE;1800;1;darab;2005-05-24
403;Hangszóró;GENIUS SP-Q06S HANGSZÓRÓ 120W 2.0;1100;1;darab;2005-12-18
404;Hangszóró;GENIUS SP-J06 HANGSZÓRÓ 120W 2.0;2000;1;darab;2005-11-05
405;Hangszóró;GENIUS SP-Q10 HANGSZÓRÓ 200W 2.0;2200;1;darab;2005-04-24
406;Hangszóró;GENIUS SP-Q16 HANGSZÓRÓ 320W 2.0;3400;1;darab;2005-07-09
407;Hangszóró;GENIUS SP-E200 2.0 HANGSZÓRÓ  PMPO  200W;2700;1;darab;2005-11-14
408;Hangszóró;GENIUS SP-F200 2.0 HANGSZÓRÓ  PMPO  200W;2900;1;darab;2004-12-26
409;Hangszóró;GENIUS SP-J16 HANGSZÓRÓ 320W 2.0;3900;1;darab;2005-07-22
410;Hangszóró;GENIUS SW-F2.1 500 HANGSZÓRÓ;6000;1;darab;2006-01-25
411;Hangszóró;GENIUS SW-2.1 850 HANGSZÓRÓ;7600;1;darab;2005-08-09
412;Hangszóró;GENIUS SW-i2.1 1100 HANGSZÓRÓ;9300;1;darab;2005-10-03
413;Hangszóró;GENIUS SP-Q2.1 HANGSZÓRÓ 2.1 200W FEKETE;5900;1;darab;2005-03-31
414;Hangszóró;GENIUS SW-J2.1 330 HANGSZÓRÓ 2.1 200W EZÜST;5900;0;darab;2005-02-04
415;Hangszóró;GENIUS SW-5.1 HANGSZÓRÓ 5.1 +TÁVIRÁNYÍTÓ FADOBOZOS 1000W;23300;0;darab;2005-03-04
416;Hangszóró;GENIUS SW-HF 5.1 FADOBOZOS +TÁVÍRÁNYÍTÓ PMPO 5000W;29800;1;darab;2005-11-17
417;Hangszóró;LOGITECH S-100 2.0 HANGSZÓRÓ OEM;1800;1;darab;2005-12-14
418;Hangszóró;LOGITECH S-200 OEM HANGSZÓRÓ;4400;1;darab;2006-01-22
419;Hangszóró;LOGITECH X120 HANGSZÓRÓ RMS 5 WATT;4300;1;darab;2005-11-27
420;Hangszóró;LOGITECH X210 HANGSZÓRÓ;7100;1;darab;2005-08-29
421;Hangszóró;LOGITECH X 230 HANGFAL 2.1;9100;1;darab;2005-11-12
422;Hangszóró;LOGITECH X530 HANGFAL;15400;1;darab;2004-12-31
423;Webkamera;WEB KAMERA 300K USB 2.0 ( KÉK, EZÜST) PM-200;2200;1;darab;2005-02-12
424;Webkamera;WEB KAMERA + MIKROFON 350K USB;3100;1;darab;2005-06-08
425;Webkamera;GENIUS VIDEOCAM TREK;3100;1;darab;2005-04-10
426;Webkamera;LOGITECH QUICKCAM EXPRESS KAMERA;3900;1;darab;2005-11-29
427;Webkamera;LOGITECH QUICKCAM EXPRESSZ PLUSS;4300;1;darab;2005-10-15
428;Webkamera;LOGITECH QUICKCAM CHAT WEBCAM;4900;1;darab;2006-01-15
429;Webkamera;LOGITECH QUICKCAM CHAT SKYPE 640X480+Mikrofonos fejhallgató;5800;1;darab;2005-03-01
430;Webkamera;LOGITECH QUICKCAM MESSENGER REFR.  Beépített mikrofonnal OEM;5400;1;darab;2005-03-19
431;Webkamera;LOGITECH QUICKCAM MESSENGER KAMERA OEM USB 2.0 640X480;4200;1;darab;2005-03-16
432;Webkamera;LOGITECH QUICKCAM MESSENGER USB WEBCAM;6600;1;darab;2005-09-15
433;Webkamera;LOGITECH QUICKCAM MESSENGER PLUSS;7900;1;darab;2005-07-30
434;Webkamera;LOGITECH QUICKCAM COMMUNICATE  ;9600;1;darab;2005-06-18
435;Webkamera;LOGITECH QUICKCAM COMMUNICATE PLUS;13100;1;darab;2005-03-11
436;Webkamera;LOGITECH QUICKCAM PRO 5000 KAMERA;15300;1;darab;2005-06-15
437;Hûtõ;TITÁN K630FT CSÚSZÓCSAPÁGYAS HÛTÕ;600;1;darab;2005-11-06
438;Hûtõ;TITÁN CK630 FTB FCPGA/DURON HÛTÕ;900;1;darab;2005-11-04
439;Hûtõ;TITÁN D2T2B CPU HÛTÕ 2 GOLYÓSCSAPÁGYAS;1400;1;darab;2005-09-03
440;Hûtõ;TITÁN D3TB FCPGA/DURON/TB HÛTÕ;1100;1;darab;2005-06-11
441;Hûtõ;TITÁN MT1AB-2 FCPGA/THUNDERBIRD HÛTÕ;2800;1;darab;2005-09-11
442;Hûtõ;DATA DC-462D/CU35 XP3200+ VENTILÁTOR;1300;1;darab;2005-06-29
443;Hûtõ;ARCTIC COPPER SILENT 2M ATHLON XP;3400;1;darab;2005-08-09
444;Hûtõ;DATA DC-K8A825ZCU35 AMD K8 VENTILÁTOR OPTERON, ATHLON;1800;1;darab;2005-06-11
445;Hûtõ;TITÁN AMD K8 OPTERON & ATHLON64 VENTILÁTOR;4600;1;darab;2006-01-06
446;Hûtõ;TITÁN TC-K8ATBSC AMD K8 OPTERON ATHLON;3100;1;darab;2005-06-21
447;Hûtõ;TITÁN AMD K7 SOCKET462 XP3200+ HÛTÕ;4700;1;darab;2005-11-05
448;Hûtõ;TITÁN TC-NK32TZ AMD K8-754, 939 AM2,26   (26,9 dBA );3400;1;darab;2005-01-06
449;Hûtõ;ARCTIC ALPINE 64 HÛTÕVENTILLÁTOR;2000;1;darab;2005-01-18
450;Hûtõ;ARCTIC SILENCER FREEZER 64 PRO HÛTÕVENTILLÁTOR;4100;1;darab;2004-12-25
451;Hûtõ;DATA DC-478B-CU35 P-IV 3.2 Ghz;1600;1;darab;2005-02-25
452;Hûtõ;DATA DC-775A-9322 P-IV VENTILÁTOR;2400;1;darab;2005-08-16
453;Hûtõ;ARCTIC 4PRO 478 VENTILÁTOR;2600;1;darab;2005-03-10
454;Hûtõ;ARCTIC SUPER SILENT 4ULTRA 478 P4 3.6Ghz-ig;1900;1;darab;2004-12-27
455;Hûtõ;ARCTIC FREEZER 7 PRO HÛTÕVENTILLÁTOR;4400;1;darab;2005-10-15
456;Hûtõ;ARCTIC-COOLING ALPINE 7  (775);1900;1;darab;2005-11-18
457;Hûtõ;TITÁN TC-NK34TZ INTEL P4 775  (26.9 dBA);3600;1;darab;2005-04-24
458;Hûtõ;TITÁN TC-CU14H/S 775 HÛTÕ RÉZ LAPOS ( PSSZÍV HÛTÉS );5500;1;darab;2006-01-20
459;Hûtõ;TITÁN TC-NH08TB P-IV 932 VENTILLÁTOR;3900;1;darab;2005-09-13
460;Hûtõ;TITÁN TC-NK15TB/SC P-IV 775,478,462 VENTILÁTOR;9100;1;darab;2005-04-24
461;Hûtõ;TFD-4010M12B 4cm-es TÁPVENTILLÁTOR;1000;1;darab;2005-12-13
462;Hûtõ;TFD-4020M12B 4cm-es TÁPVENTILLÁTOR;1100;1;darab;2005-12-14
463;Hûtõ;TITÁN TFD-A6025M12C 6 cm-es VENTILÁTOR;1100;1;darab;2005-10-02
464;Hûtõ;TITÁN 6020 6cm-es VENTILÁTOR;1200;1;darab;2005-08-20
465;Hûtõ;TITÁN TFD-B6015M12C 60X60X15 VENTILÁTOR 6cm;1400;1;darab;2005-06-17
466;Hûtõ;TITÁN 8cm-es 8025M12S CSÚSZÓCSAPÁGYAS;400;1;darab;2005-09-24
467;Hûtõ;TITÁN 8cm-es 8025M12C/RB TÁPVENTILÁTOR;800;1;darab;2005-09-30
468;Hûtõ;TITÁN 8cm-es 8025M KÉK TÁPVENTILÁTOR;1000;1;darab;2005-03-09
469;Hûtõ;TITÁN 9cm-es TFD-9225M12S VENTILÁTOR;500;1;darab;2005-09-25
470;Hûtõ;TITÁN TFD-9225M12B 9cm-es TÁPVENTILLÁTOR;1300;1;darab;2005-08-29
471;Hûtõ;TITÁN TC-CF80A 2x80x80mm RENDSZERHÛTÕ;1200;1;darab;2005-08-19
472;Hûtõ;TITÁN 12cm-es  12025M12B RENDSZERHÛTÕ;1400;1;darab;2005-02-24
473;Hûtõ;TITÁN 12cm -es ALUMINIUM RENDSZERHÛTÕ;1900;1;darab;2005-08-16
474;Hûtõ;ARCTIC COOLING 12cm-es VENTILÁTOR;1400;1;darab;2005-04-12
475;Hûtõ;TITÁN TFD-B7530M12C 76X72X30mm 12V GOLYÓS CSAPÁGYAS;1300;1;darab;2005-05-08
476;Hûtõ;TITÁN TFD-B9733M12C VENTILÁTOR GOLYÓSCSAPÁGYAS;1400;1;darab;2005-08-17
477;Hûtõ;TITÁN TFD-12025M12C 12cm-es TÁPVENTILLÁTOR;2000;1;darab;2005-01-11
478;Hûtõ;ARCTIC PRO TC 8CM RENDSZERHÛTÕ;800;1;darab;2005-05-13
479;Hûtõ;ENERMAX UC-8ABS-R VENTILÁTOR;1500;1;darab;2005-07-04
480;Hûtõ;POINT OF VIEW VGA KÁRTYA HÛTÕ;5100;1;darab;2005-10-29
481;Hûtõ;VGA HÛTÕVENTILLÁTOR 4,5cm SZÉLES 5000rpm EC4510M12CA;600;1;darab;2005-06-07
482;Hûtõ;VGA HÛTÕVENTILLÁTOR;700;1;darab;2005-04-02
483;Hûtõ;TITÁN VGA TTC-CSC03E HÛTÕ;700;1;darab;2005-07-28
484;Hûtõ;TITÁN VGA CUV2AB VENT.+MEMÓRIA HÛTÕ;2000;1;darab;2005-01-30
485;Hûtõ;TITÁN VGA TC-SC03TB UNIVERZÁLIS HÛTÕ;1800;1;darab;2005-10-05
486;Hûtõ;TITÁN VGA TC-CUV3AB VENT.  ;2500;1;darab;2005-05-04
487;Hûtõ;ARCTIC-COOLING NV SILENCER 5 Rev3 (6800GT, 6800ULTRA, 7800);4000;1;darab;2005-02-04
488;Hûtõ;ARCTIC NV SILENCER 1;3000;1;darab;2005-10-06
489;Hûtõ;NV SILENCER 6 ARCTIC-COOLING;3500;1;darab;2005-09-01
490;Hûtõ;ARCTIC-COOLING ACCELERO X1 (NV6800,  NV7800 );4700;1;darab;2006-01-21
491;Hûtõ;ARCTIC-COOLING ACCELERO X2 ( ATI X1800,  X1900 );4700;1;darab;2005-10-01
492;Hûtõ;ATI SILENCER 1 ARCTIC-COOLING ATI9500-9700/PRO SE XT 9800SE PRO;3500;1;darab;2004-12-29
493;Hûtõ;ATI SILENCER 2 ARCTIC-COOLING ( ATI9600PRO SE,XT );3200;1;darab;2005-03-28
494;Hûtõ;ATI SILENCER 3 ARCTIC-COOLING ( ATI 9800XT );3900;1;darab;2005-06-08
495;Hûtõ;ATI SILENCER 4 ARCTIC-COOLING ( X800 );4700;1;darab;2005-05-29
496;Hûtõ;ARCTIC ATI SILENCER 5  ATI-X800(R430) (XL) ATI-X850 (R480);4400;1;darab;2005-10-11
497;Hûtõ;TITÁN TC-HD11 HDD ALÁ VENTILÁTOR;800;1;darab;2005-07-07
498;Hûtõ;TITÁN TTC-HD12 HDD VENTILÁTOR;1100;1;darab;2005-03-15
499;Hûtõ;TITÁN TC-HDC2 HDD HÛTÕ 5,25 2VENTILÁTOROS HÛTÕ;1300;1;darab;2005-02-18
500;Hûtõ;TITÁN TC-HD82 HDD HÛTÕ 5,25 HÛTÕ;2900;1;darab;2005-12-20
501;Hûtõ;TITÁN TTC-MHR01 MEMÓRIA HÛTÕ RÉZ (RAM BORDA);1100;1;darab;2005-06-24
502;Hûtõ;LOGISYS PYRAMID KÉK PROCESSZOR KONTROLLER;1000;1;darab;2005-08-13
503;Hûtõ;LOGISYS PYRAMID PIROS PROCESSZOR KONTROLLER;1000;1;darab;2005-12-28
504;Hûtõ;TITÁN TC-ALC2 HÕFOKSZAB+.RIASZTÓ;1200;1;darab;2005-07-30
505;Hûtõ;TITÁN TC-003 SLOT VENTILÁTOR;900;1;darab;2005-04-22
506;Hûtõ;TITÁN TC-004 HÁZ HÛTÕ KÁRTYA;1400;1;darab;2005-07-11
507;Hûtõ;TITÁN TTC-SC04 HÕKIVEZETÕ;2200;1;darab;2005-08-17
508;Hûtõ;LÉGVEZETÕCSÕ 70cm-es (1270 ÉS 1260 TÍPUSHOZ );1000;1;darab;2005-01-13
509;Hûtõ;TITÁN TG-B020015 NANO 1,5g PASZTA;400;1;darab;2004-12-29
510;Hûtõ;TITAN TG-G30030 NANO PASZTA 3g-os;600;1;darab;2005-06-04
511;Hûtõ;LOGISYS FG303 8cm Dragon,Biometál, Skull,  HÛTÕRÁCS;500;1;darab;2005-06-28
512;Hûtõ;LOGISYS FGUV01 8cm Villám, Ninja, Pók, Tigris  HÛTÕRÁCS;500;1;darab;2005-05-25
513;Hûtõ;LOGISYS FBSG51 8cm ZÖLD NEON HÛTÕRÁCS;600;1;darab;2005-12-22
514;Mobilrack házak;MOBIL RACK HÛTÕVENTILLÁTOR;300;1;darab;2005-11-14
515;Mobilrack házak;MOBIL RACK HÛTÕVENTILLÁTOR HOSSZÚ KÁBELLEL;300;1;darab;2005-10-05
516;Mobilrack házak;HDD MOBIL RACK ATA66 BELSÕ Rész;1000;1;darab;2006-01-19
517;Mobilrack házak;HDD MOBIL RACK ATA66 BELSÕ Rész 1 Ventilátor;1000;1;darab;2005-11-26
518;Mobilrack házak;VP-2015LSF BELSÕ FIÓK 2010-HEZ natúr;1900;1;darab;2005-08-11
519;Mobilrack házak;VP-2015LSFB BELSÕ FIÓK 2010-HEZ  FEKETE;2100;1;darab;2005-06-21
520;Mobilrack házak;VP-5015LSF ALUMINIUM BELSÕ FIÓK 5010 NATÚR;2900;1;darab;2005-06-17
521;Mobilrack házak;VP-5010LS2FB ALUMINIUM SATA 2VENTILÁTOROS FEKETE;5700;1;darab;2005-03-20
522;Mobilrack házak;HDD MOBIL RACK ATA66 KÜLSÕ Rész;1000;1;darab;2006-01-09
523;Mobilrack házak;HDD MOBIL RACK ATA66/100/133 1 Ventillátor;1400;1;darab;2005-08-17
524;Mobilrack házak;HDD MOBIL RACK ATA66/100/133 VP10LS2F 2 Ventillátor;1700;1;darab;2006-01-03
525;Mobilrack házak;HDD MOBIL RACK  ATA66/100/133 VP-7010 3 Ventillátor;2100;1;darab;2005-09-24
526;Mobilrack házak;HDD MOBIL RACK ATA100  BELSÕ RÉSZ FEKETE;1000;1;darab;2005-05-30
527;Mobilrack házak;HDD MOBIL RACK ATA100 KÜLSÕ RÉSZ FEKETE;1600;1;darab;2005-07-03
528;Mobilrack házak;HDD MOBIL RACK ATA66/100/133 FEKETE 2 Ventilátor;1600;1;darab;2005-06-02
529;Mobilrack házak;MOBIL RACK HDD 3 VENTILLÁTOROS FEKETE;2100;1;darab;2005-09-17
530;Mobilrack házak;HDD MOBIL RACK SATA 100/133 VP-1001LS;6000;1;darab;2005-01-28
531;Mobilrack házak;MOBIL RACK SATA/SATA NATÚR VP-2010LS2F ;2700;1;darab;2005-03-24
532;Mobilrack házak;MOBIL RACK SATA/SATA FEKETE VP-2010LS2F  2 VENTIS;2900;1;darab;2005-06-10
533;Mobilrack házak;HDD MOBIL RACK SATA/SATA VP-5010LSF NATÚR;5100;1;darab;2005-08-07
534;Mobilrack házak;HDD MOBIL RACK SATA/SATA VP-5010LSF FEKETE aluminium;5300;1;darab;2005-04-08
535;Mobilrack házak;HDD MOBIL RACK SATA VP-1001LSF FEKETE;7900;1;darab;2005-11-22
536;Mobilrack házak;HDD MOBIL RACK USB 2.0 100/133 VP1028;5900;1;darab;2006-01-03
537;Mobilrack házak;HDD MOBIL RACK FIRE WIRE VP-1009;32500;1;darab;2005-10-21
538;Mobilrack házak;MOBIL RACK ALUMINIUM BELSÕ VP410LS;4300;1;darab;2005-03-29
539;Mobilrack házak;"3.5"" KÜLSÕ USB 2.0 HÁZ";4500;1;darab;2005-01-11
540;Mobilrack házak;"3,5"" HDD KÜLSÕ HÁZ USB 2.0 Kivezetés Sata Belsõ Csatlakozóval";8400;1;darab;2005-09-10
541;Mobilrack házak;"KÜLSÕ HDD HÁZ 3,5"" USB 2.0 ALUMINIUM VPA-3528B";8400;1;darab;2005-04-28
542;Mobilrack házak;"KÜLSÕ 3,5"" HDD HÁZ NAS RJ45 + USB 2.0";17400;1;darab;2005-03-16
543;Mobilrack házak;"3,5 "" HDD HÁZ USB 2.0 +FIREWIRE D350C";7700;1;darab;2006-01-12
544;Mobilrack házak;"LEVEL ONE 2.5"" Külsõ Wireless Ház 54Mbps USB+UTP Port  540528 WAP007";24000;1;darab;2005-03-15
545;Mobilrack házak;"VIPOWER KÜLSÕ HÁZ 1.8""/2.5"" HDD";9700;1;darab;2005-07-17
546;Mobilrack házak;"VIPOWER KÜLSÕ HÁZ 5,25"" VPM-6228T";8800;1;darab;2005-11-05
547;Mobilrack házak;VIPOWER KÜLSÕ HÁZ HDD 2,5 USB 2.0;2400;1;darab;2005-05-31
548;Mobilrack házak;VIPOWER VP-15H2 USB 2.0 4PORT ELÕLAPI;8000;1;darab;2005-01-28
549;Mobilrack házak;VIPOWER VP-9228 SLIM CD ROM HÁZ;11700;1;darab;2005-01-13
550;Mobilrack házak;ENERMAX PANEL UC-3FATR2;3600;1;darab;2005-05-10
551;Mobilrack házak;ASONIC A-UI25M3-8818 KÜLSÕ 2,5 USB 2.0 ALUMINIUM HÁZ;1600;1;darab;2006-01-21
552;Mobilrack házak;"KÜLSÕ 2,5"" HÁZ SATA  USB 2.0   136425";5500;1;darab;2005-05-07
553;Mobilrack házak;"KÜLSÕ HÁZ 2,5"" USB 2.0";2200;1;darab;2005-01-06
554;Mobilrack házak;ASONIC A-UI-525-M1 KÜLSÕ 5,25 USB 2.0 HÁZ ;5100;1;darab;2006-01-23
555;Mobilrack házak;KÜSÕ HÁZ 5,25 USB 2.0  01-EU-BC01 ALUMINIUM;5000;1;darab;2005-01-10
556;Mobilrack házak;KÜLSÕ HÁZ 5,25 USB-SATA VP-62281 +KÁBEL +ADAPTER;10900;1;darab;2005-12-28
557;Mobilrack házak;"ASONIC 8813 KÜLSÕ USB 2.0 2.5""";2200;1;darab;2005-10-01
558;Mobilrack házak;HDD HÁZ KÜLSÕ 2X5,25  FIREWIRE IEEE1394A;15400;1;darab;2005-06-08
559;Mobilrack házak;ENERMAX 5,25 UC-A07FATR2 FEKETE/EZÜST;8300;1;darab;2005-03-09
560;Mobilrack házak;CD ROM HÁZ 5,25 SMART VP-6228V ;12600;1;darab;2006-01-10
561;Mobilrack házak;DOCKING KIT USB 2.0/SATA VP-82581;25000;1;darab;2006-01-05
562;Mobilrack házak;SCSI PERIFÉRIAHÁZ 2x5.25 C50F MAPOWER;26900;1;darab;2005-06-15
563;Mobilrack házak;SCSI PERIFÉRIAHÁZ 4x5.25 C50F MAPOWER;31000;1;darab;2005-09-23
564;Mobilrack házak;SCSI PERIFÉRIHÁZ 8x5.25 C50F MAPOWER;52200;1;darab;2005-08-15
565;Hálózati LAN kártya;ROLINE PCI 10/100 HÁLÓKÁRYA  21.11.3039;1000;1;darab;2005-07-06
566;Hálózati LAN kártya;EDIMAX 10/100 PCI HÁLÓZATI KÁRTYA;1000;1;darab;2005-04-08
567;Hálózati LAN kártya;KTI KF-310L 10/100 TX PCI;1100;1;darab;2005-07-30
568;Hálózati LAN kártya;USB HÁLÓZATI ADAPTER 2.0 10/100;3200;1;darab;2005-09-20
569;Hálózati LAN kártya;KTI PF-32I 10/100 TX PCMCIA II ;3700;1;darab;2005-12-28
570;Hálózati LAN kártya;KTI PF-16 10/100 PCMCIA ETHERNET;5000;1;darab;2005-08-16
571;HUB, SWITCH;USB HUB 4 PORT 2.0 AKTÍV SHB-4200;2200;1;darab;2005-06-11
572;HUB, SWITCH;USB HUB 4 PORT USB 2.0 PASSZÍV  FG-U2PH4-NA2-1A1-BC21;2000;1;darab;2005-03-27
573;HUB, SWITCH;USB HUB 4 PORT UN-204;17000;1;darab;2005-06-08
574;HUB, SWITCH;FIREWIRE HUB 3PORT IEEE 1394;9900;1;darab;2005-05-11
575;HUB, SWITCH;A-USB204 4PORT USB HUB OEM;1700;1;darab;2005-03-09
576;HUB, SWITCH;ASONIC A-USB214G USB HUB 4PORT +PA;2000;1;darab;2005-08-13
577;HUB, SWITCH;ASONIC A-8305 10/100 5PORT SWITCH OEM;2200;1;darab;2005-03-14
578;HUB, SWITCH;ASONIC A-8309 10/100 8PORT SWITCH OEM;2500;1;darab;2005-04-13
579;HUB, SWITCH;ASONIC A-8316 10/100 16PORT SWITCH OEM;6300;1;darab;2005-04-24
580;HUB, SWITCH;ASONIC 8305 10/100 5PORT SWITCH;2600;1;darab;2005-04-09
581;HUB, SWITCH;ASONIC 8309 10/100 8PORT SWITCH;3100;1;darab;2005-11-11
582;HUB, SWITCH;ASONIC 8316 10/100 16 PORT SWITCH;6800;1;darab;2005-03-23
583;HUB, SWITCH;KTI KS-MINI-5P 10/100 5UTP SWITCH PL.;3300;1;darab;2005-12-30
584;HUB, SWITCH;KTI KS-MINI-8P 10/100 8UTP SWITCH PL.;4100;1;darab;2005-10-19
585;HUB, SWITCH;KTI KS-SOHO-5 10/100 5UTP SWITCH;4000;1;darab;2005-01-11
586;HUB, SWITCH;KTI KS-SOHO-8P 10/100 8UTP SWITCH PL.;4800;1;darab;2005-03-05
587;HUB, SWITCH;KTI KS-SOHO-8 10/100 8 UTP SWITCH;4800;1;darab;2005-10-31
588;HUB, SWITCH;KTI KS-SOHO-16 10/100 16UTP SWITCH;10300;1;darab;2005-11-14
589;HUB, SWITCH;KTI KS-116 10/100 16UTP NWAY SWITCH;13000;1;darab;2005-10-24
590;HUB, SWITCH;KTI KS-124 10/100 24UTP NWAY SWITCH;17400;1;darab;2005-01-21
591;HUB, SWITCH;"KTI KS-316F 10/100 BASE 16 PORT 19""";22000;1;darab;2005-10-15
592;HUB, SWITCH;"KTI KS-324F 10/100 BASE 24 PORT 19""";30700;1;darab;2005-10-16
593;HUB, SWITCH;A-3211 4PORT ROUTER OEM;5800;1;darab;2005-04-16
594;HUB, SWITCH;KTI KB-100L ROUTER WITH 4-LAN SWITCH;6600;1;darab;2005-05-06
595;WIRELESS;XWL-11gRAG Wireless router 108Mbit 4Port 10/100 Acces Point;13200;1;darab;2005-03-23
596;WIRELESS;KTI KP-1002 PRINT SERVER 1 PARALELL PORT ;13700;1;darab;2005-03-29
597;WIRELESS;KTI KP-2012 PRINT SERVER USB+2PARALEL;21400;1;darab;2005-09-25
598;WIRELESS;KTI KP-3010 PRINT SERVER USB PORT 1.1;14100;1;darab;2005-03-03
599;WIRELESS;KTI KPB-3010 WIRELESS 11Mbps PRINT SERVER;21400;1;darab;2005-04-14
600;WIRELESS;KTI KP-4010 10/100TX PRINT SERVER USB 2.0 1 PORT;17600;1;darab;2005-02-02
601;WIRELESS;KTI KPG-4010 WIRELES PRINT SERVER USB 2.0;29100;1;darab;2005-10-29
602;WIRELESS;KTI KG-502T 10/100/1000BASE 32 CARD;2700;1;darab;2005-09-06
603;WIRELESS;KTI KGS-500 10/100/1000 5 PORT BASE-TX;13200;1;darab;2005-06-19
604;Hálózati eszközök;ROLINE RWUSB-54 USB 54MBps ADAPTER;4800;1;darab;2005-09-06
605;Hálózati eszközök;XWL-11gCAG WIRELESS 108Mbit PCI KÁRTYA IEEE802.11g;6200;1;darab;2005-11-06
606;Hálózati eszközök;XWL-11GRAR WIRELESS ROUTER 108Mbit 4PORT 10/100 Accespoint;13200;1;darab;2005-06-09
607;Hálózati eszközök;XWL-11GCAR WIRELESS 108Mbit PCI IEEE802.11g;6200;1;darab;2005-05-20
608;Hálózati eszközök;XWL-11gRIX BROADBAND ROUTER 54Mbps IEEE802.11g 4PORT;9100;1;darab;2005-12-02
609;Hálózati eszközök;XWL-11gPIG WLAN11g PCMCI 54Mbps KÁRTYA;4800;1;darab;2006-01-02
610;Hálózati eszközök;XWL-11gUZX WIRELESS 54Mbps USB ADAPTER IEEEE802.11g;4100;1;darab;2005-05-18
611;Hálózati eszközök;ROLINE W-LAN CARDBUS ADAPTER 54MB PCMCI;4900;1;darab;2005-02-25
612;Hálózati eszközök;LEVEL ONE CONVERTER BNC/RJ45 10Mbps(EVT-0100TB);11300;1;darab;2005-05-15
613;Hálózati eszközök;RAVO W54-AP ACCES POINT 54 Mbps;28400;1;darab;2005-08-10
614;Hálózati eszközök;RAVO W54-CB WIRELESS 54Mbps CARD;18300;1;darab;2005-11-13
615;Hálózati eszközök;LEVEL ONE PRINT SERVER 1 PARALELL PORT 10/100 FPS-3001TXU;13800;1;darab;2005-07-12
616;Hálózati eszközök;LEVEL ONE KVM-EXTENDER 150m-ig TRANSMITTER+RECEIVE ;46000;1;darab;2005-01-02
617;Hálózati eszközök;KTI KWG-401 WIRELESS ROUTER 54Mbps 4x10/100 Intersil chip;10900;1;darab;2005-03-25
618;Hálózati eszközök;KTI KWB-1111 WIRELESS 11Mbps Acces point realtek chip;2800;1;darab;2005-08-27
619;Hálózati eszközök;KTI KWG-7002 WIRELESS 54Mbps PCI KÁRTYA;5300;1;darab;2005-07-17
620;Hálózati eszközök;KTI KWG-1000 WIRELESS 54Mbps DUAL MOD;6400;1;darab;2005-06-22
621;Hálózati eszközök;KTI KWG-1001 WIRELESS 54Mbps ACCES POINT;11900;1;darab;2005-05-02
622;Hálózati eszközök;KTI KWG-3000 WIRELESS 54Mbps USB 2.0;5300;1;darab;2006-01-11
623;Hálózati eszközök;KTI KWB-3112 WIRELESS 11Mbps USB 2.0 DANGLE SIZE;4400;1;darab;2005-05-12
624;Hálózati eszközök;KTI KWB-6002 WIRELESS 54Mbps Cardbus adapter Ti Chip ,PCMCI;4900;1;darab;2005-02-01
625;Hálózati eszközök;STP PATCH PANEL 8 PORT LSA+110 TÍPUS  (227308);5500;1;darab;2005-09-12
626;Hálózati eszközök;LP012 PATCH PANEL;4500;1;darab;2005-12-11
627;Hálózati eszközök;UTP PATCH PANEL 24 PORT FEKETE  110 TÍPUS;4400;1;darab;2005-08-09
628;Hálózati eszközök;UTP PATCH PANEL 24 PORT 110 tip.;4400;1;darab;2005-03-24
629;Hálózati eszközök;CNN-002 CRIMP CONNECTOR N  MALE;400;1;darab;2005-09-05
630;Hálózati eszközök;RS-H001 BASE RUBBER ANTENNA 5dBi;2200;1;darab;2005-08-15
631;Hálózati eszközök;RS-H007 BASE RUBBER ANTENNA 5dBi;2200;1;darab;2005-04-02
632;Hálózati eszközök;ROLINE RUBBER ANTENNA 5dBi;2200;1;darab;2005-08-05
633;Hálózati eszközök;PA-S01 PANEL ANTENNA-SMA  INDOOR;6900;1;darab;2005-04-14
634;Hálózati eszközök;PA-S02 PANELANTENNA-SMA REVERSE;6900;1;darab;2005-07-08
635;Hálózati eszközök;PA-M01 PANEL ANTENNA-N FEMALA;10800;1;darab;2005-11-18
636;Hálózati eszközök;OA-001 OMNI VERTICAL ANTENNA-N;8600;1;darab;2005-10-07
637;Hálózati eszközök;OA-002 OMNI VERTICAL ANTENNA-N;12400;1;darab;2005-12-23
638;Hálózati eszközök;OA-003 OMNI VERTICAL ANTENNA-N;17000;1;darab;2004-12-31
639;Hálózati eszközök;YA-R01 YAGI ANTENNA-N 8dBi FEMALE;14700;1;darab;2005-10-05
640;Hálózati eszközök;YA-R03 YAGI ANTENNA-N 12dBi FEMALE;13000;1;darab;2005-05-24
641;Hálózati eszközök;YA-R04 YAGI ANTENNA-N 15dBi FEMALE;18100;1;darab;2005-09-26
642;Hálózati eszközök;YA-R05 YAGI ANTENNA-N 18dBi FEMALE;18500;1;darab;2005-02-20
643;Hálózati eszközök;CNS-007 Crimp Connec.SMA  MALE  REV;400;1;darab;2005-09-21
644;Hálózati eszközök;CNS-008 Crimp Connector SME  MALE;400;1;darab;2005-03-14
645;Hálózati eszközök;CAP-3003 SMA MALE REVERSE TO;1400;1;darab;2005-11-18
646;Hálózati eszközök;CAP-3007 -001 SMA MALE REVERSE TO;1400;1;darab;2005-09-28
647;Hálózati eszközök;CAP-4002 CABLE LONG N-MALE TO;4400;2;darab;2005-09-29
648;Hálózati eszközök;CAP-4001 CABLE LONG N-MALE 10m;6400;3;darab;2005-09-30
649;Hálózati eszközök;CAS-230 SOHO 10/100TX KAMERA SERVER                        ;16500;4;darab;2005-10-01
650;Hálózati eszközök;CAS-200 10/100TX KAMERA SERVER;20900;5;darab;2005-10-02
651;Hálózati eszközök;CAS-230W SOHO 802.11b WIRELESS;27500;6;darab;2005-10-03
652;Hálózati eszközök;CAS-200W 802.11b WIRELESS KAMERA;31900;7;darab;2005-10-04
653;Hálózati eszközök;ETHERNET KÁBEL TESZTER 129964;7300;8;darab;2005-10-05
654;Hálózati eszközök;ETHERNET KÁBELTESZTER LEDES U+B 3383;14200;9;darab;2005-10-06
655;Hálózati eszközök;ETHERNET KÁBEL TESZTER 256652/ LBT UTP;17900;10;darab;2005-10-07
656;Hálózati eszközök;EPCT BETÛZÕ SZERSZÁM ;2700;11;darab;2005-10-08
657;Hálózati eszközök;EPCT TELEFON FOGÓ ;1200;12;darab;2005-10-09
658;Hálózati eszközök;EPCT UTP KRIMPELÕ FOGÓ ;1200;13;darab;2005-10-10
659;Hálózati eszközök;BETÛZÕ SZERSZÁM 8799;1700;14;darab;2005-10-11
660;Hálózati eszközök;BETÛZÕ SZERSZÁM 110/88;2700;15;darab;2005-10-12
661;Hálózati eszközök;UTP FOGÓ RJ-45 HT-210N;1200;16;darab;2005-10-13
662;Hálózati eszközök;KRIMPELÕ FOGÓ RJ45/RJ12 UNIVERZÁLIS  19.06.1048;10300;17;darab;2005-10-14
663;Hálózati eszközök;TELEFONSZERELÕ FOGÓ 6;1100;18;darab;2005-10-15
664;Hálózati eszközök;COMBÓ FOGÓ 6/8;2200;19;darab;2005-10-16
665;Hálózati eszközök;COMBÓ FOGÓ 4/6/8/D HT-2008  RJ45/11/22;5900;20;darab;2005-10-17
666;Hálózati eszközök;BNC DUGÓ RG58;100;21;darab;2005-10-18
667;Hálózati eszközök;BNC TÖRÉSGÁTLÓ;100;22;darab;2005-10-19
668;Hálózati eszközök;BNC DUGÓ RCA ALJZAT ÁTALAKÍTÓ;300;23;darab;2005-10-20
669;Hálózati eszközök;BNC ALJZAT FORRASZTHATÓ;200;24;darab;2005-10-21
670;Hálózati eszközök;BNC LEZÁRÓ 50 Ohm;200;25;darab;2005-10-22
671;Hálózati eszközök;BNC ALJZAT RG 58;300;26;darab;2005-10-23
672;Hálózati eszközök;BNC FALIDOBOZ;400;27;darab;2005-10-24
673;Hálózati eszközök;UTP TÖRÉSGÁTLÓ RJ-45;100;28;darab;2005-10-25
674;Hálózati eszközök;EPCT UTP TÖRÉSGÁTLÓ FEKETE;100;29;darab;2005-10-26
675;Hálózati eszközök;EPCT UTP DUGÓ RJ-45;100;30;darab;2005-10-27
676;Hálózati eszközök;UTP DUGÓ RJ-45 CAT. 5;100;31;darab;2005-10-28
677;Hálózati eszközök;UTP DUGÓ ÁRNYÉKOLT RJ-45;100;32;darab;2005-10-29
678;Hálózati eszközök;UTP DUGÓ FALIKÁBELHEZ;100;33;darab;2005-10-30
679;Hálózati eszközök;UTP T DUGÓ 2F/1F;200;34;darab;2005-10-31
680;Hálózati eszközök;UTP ÖNTAPADÓS SZIMPLA ALJZAT;600;35;darab;2005-11-01
681;Hálózati eszközök;UTP ÖNTAPADÓS DUPLA ALJZAT;900;36;darab;2005-11-02
682;Hálózati eszközök;UTP 1-ES SÜLLYESZTETT DOBOZ 8481;800;37;darab;2005-11-03
683;Hálózati eszközök;UTP FALI DOBOZO Z 1-ES SÜLLYESZTETT 8482;800;38;darab;2005-11-04
684;Hálózati eszközök;UTP 2-ES SÜLLYESZETT DOBOZ 8486;1000;39;darab;2005-11-05
685;Hálózati eszközök;UTP 1-ES SZERELT DOBOZ SIMA 8381;800;40;darab;2005-11-06
686;Hálózati eszközök;UTP 2-ES SZERELT DOBOZ SIMA 8386;1500;41;darab;2005-11-07
687;Hálózati eszközök;UTP 2-ES SZERELT DOBOZ SIMA 8387 (NATÚR SZÍNBEN);500;42;darab;2005-11-08
688;Hálózati eszközök;EPCT UTP TOLDÓ (PATCH KÁBELHEZ)  EC8412-C6/WH;600;43;darab;2005-11-09
689;Hálózati eszközök;UTP TOLDÓ;600;44;darab;2005-11-10
690;Hálózati eszközök;UTP FALIKÁBEL TOLDÓ (FALI KÁBEL SZERELHETÕ);700;45;darab;2005-11-11
691;Hálózati eszközök;EPCT UTP Y ADAPTER (ÁRNYÉKOLATLAN)  EC8409-U15/WH;800;46;darab;2005-11-12
692;Hálózati eszközök;UTP Y ADAPTER ÁRNYÉKOLATLAN 3045;900;47;darab;2005-11-13
693;Hálózati eszközök;UTP Y ADAPTER ÁRNYÉKOLT 3050;1000;48;darab;2005-11-14
694;Hálózati eszközök;UTP Y ELOSZTÓ C5e;1000;49;darab;2005-11-15
695;Hálózati eszközök;TELEFON DUGÓ (RJ12 6P4C);10;50;darab;2005-11-16
696;Hálózati eszközök;TELEFONTOLDÓ HÜVELY;100;51;darab;2005-11-17
697;Hálózati eszközök;TELEFON T DUGÓ 2F/1F;200;52;darab;2005-11-18
698;Hálózati eszközök;TELEFON T DUGÓ 3F/1M;100;53;darab;2005-11-19
699;Hálózati eszközök;TELEFON T DUGÓ  2F/1M;100;54;darab;2005-11-20
700;Hálózati eszközök;T DUGÓ 2F/1M 8P8C;200;55;darab;2005-11-21
701;Hálózati eszközök;TELEFON ÖNTAPADÓ ALJZAT SZIMPLA;100;56;darab;2005-11-22
702;Hálózati eszközök;TELEFON ÖNTAPADÓ ALJZAT DUPLA;100;57;darab;2005-11-23
703;Hálózati eszközök;TELEFON KÁBEL 4 ERES 150m;1900;58;darab;2005-11-24
704;Audió és videó kábelek;AUDIÓ KÁBEL HOSSZABÍTÓ 3,5mm JACK2,5mm;300;59;darab;2005-11-25
705;Audió és videó kábelek;AUDIÓ KÁBEL 2x3,5mm JACK 2,5mm;300;60;darab;2005-11-26
706;Audió és videó kábelek;AUDIÓ KÁBEL 3,5mm JACK / 2xRCA  1,5m;200;61;darab;2005-11-27
707;Audió és videó kábelek;AUDIÓ KÁBEL HOSSZABÍTÓ 3,5mm JACK 5m;400;62;darab;2005-11-28
708;Audió és videó kábelek;AUDIÓ KÁBEL 3,5mm JACK/2RCA 5m;400;63;darab;2005-11-29
709;Audió és videó kábelek;AUDIÓ KÁBEL 3,5mm JACK/2RCA 10m;600;64;darab;2005-11-30
710;Audió és videó kábelek;AUDIÓ KÁBEL 3,5mm RCA / RCA 1,5m;200;65;darab;2005-12-01
711;Audió és videó kábelek;AUDIÓ KÁBEL RCA/RCA 5m;300;66;darab;2005-12-02
712;Audió és videó kábelek;AUDIÓ KÁBEL 3,5mm RCA/RCA 10m;400;67;darab;2005-12-03
713;Audió és videó kábelek;AUDIÓ KÁBEL RCA HOSSZABÍTÓ;200;68;darab;2005-12-04
714;Audió és videó kábelek;AUDIÓ KÁBEL 2RCA HOSSZABBÍTÓ 10m;500;69;darab;2005-12-05
715;Audió és videó kábelek;RCA-DIN4P KÁBEL 1,8m;400;70;darab;2005-12-06
716;Audió és videó kábelek;SVHS-RCA ADAPTER;400;71;darab;2005-12-07
717;Audió és videó kábelek;S-VIDEO ADAPTER RCA F-S-VHS M  (2033);600;72;darab;2005-12-08
718;Audió és videó kábelek;SCART VIDEO KÁBEL SCARTM/SCARTM 2m;400;73;darab;2005-12-09
719;Audió és videó kábelek;SCART VIDEO KÁBEL ScartM/3RCA;1700;74;darab;2005-12-10
720;Audió és videó kábelek;SCART  SCARTM/SCARTM 5m;600;75;darab;2005-12-11
721;Audió és videó kábelek;EDNET SCART/S-VHS+3XRCA  (84007);500;76;darab;2005-12-12
722;Audió és videó kábelek;DVD KÁBEL SCARTM/SVHSM-RCAM 10M;1300;77;darab;2005-12-13
723;Audió és videó kábelek;DVD KÁBEL SCARTM/SVHSM-RCAM 20M;1900;78;darab;2005-12-14
724;Audió és videó kábelek;DVD KÁBEL SCARTM/SVHSM-RCAM 5M;600;79;darab;2005-12-15
725;Kábelek;HÛTÕVENTILLÁTOR  TÁPÁTALAKÍTÓ  SIMA/3M;200;80;darab;2005-12-16
726;Kábelek;P-IV TÁPÁTALAKÍTÓ KÁBEL CC-PSU-4;200;81;darab;2005-12-17
727;Kábelek;TÁPÁTALAKÍTÓ 20pin- 24pin 9014;500;82;darab;2005-12-18
728;Kábelek;TÁPÁTALAKÍTÓ 24pin- 20pin ;500;83;darab;2005-12-19
729;Kábelek;UTP PATCH KÁBEL 0.5m;200;84;darab;2005-12-20
730;Kábelek;UTP PATCH KÁBEL 1m;200;85;darab;2005-12-21
731;Kábelek;UTP PATCH KÁBEL 2m;300;86;darab;2005-12-22
732;Kábelek;UTP PATCH KÁBEL 3m;300;87;darab;2005-12-23
733;Kábelek;UTP PATCH KÁBEL 5m;400;88;darab;2005-12-24
734;Kábelek;UTP PATCH KÁBEL 10m;600;89;darab;2005-12-25
735;Kábelek;UTP PATCH KÁBEL 15m;1200;90;darab;2005-12-26
736;Kábelek;UTP PATCH KÁBEL 20m;1400;91;darab;2005-12-27
737;Kábelek;UTP PATCH KÁBEL 100m;5700;92;darab;2005-12-28
738;Kábelek;UTP PATCH KÁBEL 105m DOBOZOS;6200;93;darab;2005-12-29
739;Kábelek;UTP PATCH KÁBEL 305m DOBOZOS;15800;94;darab;2005-12-30
740;Kábelek;UTP FALI KÁBEL 305m;16700;95;darab;2005-12-31
741;Kábelek;UTP FALI KÁBEL 100m CAT6-os;6200;96;darab;2006-01-01
742;Kábelek;FTP PATCH KÁBEL 100m;9000;97;darab;2006-01-02
743;Kábelek;FTP PATCH Kábel 305m DOBOZOS;18100;98;darab;2006-01-03
744;Kábelek;FTP PATCH KÁBEL 500m;49500;99;darab;2006-01-04
745;Kábelek;FTP FALI KÁBEL 100m;7000;100;darab;2006-01-05
746;Kábelek;FTP FALI KÁBEL 105m DOBOZOS;7400;101;darab;2006-01-06
747;Kábelek;FTP KÁBEL FALI 305m;22300;102;darab;2006-01-07
748;Kábelek;ISDN PATCH KÁBEL 1m;200;103;darab;2006-01-08
749;Kábelek;ISDN PATCH KÁBEL 2m;300;104;darab;2006-01-09
750;Kábelek;ISDN PATCH KÁBEL 15m;900;105;darab;2006-01-10
751;Kábelek;UTP CROSS KÁBEL 2m;300;106;darab;2006-01-11
752;Kábelek;UTP CROSS KÁBEL 3m;300;107;darab;2006-01-12
753;Kábelek;UTP CROSS KÁBEL 5m;400;108;darab;2006-01-13
754;Kábelek;UTP CROSS KÁBEL 10m;600;109;darab;2006-01-14
755;Kábelek;UTP CROSS KÁBEL 15m;1000;110;darab;2006-01-15
756;Kábelek;UTP CROSS KÁBEL 20m;1200;111;darab;2006-01-16
757;Kábelek;BNC SZERELT KÁBEL 1m;400;112;darab;2006-01-17
758;Kábelek;HP PRINTER KÁBEL 1.8m;400;113;darab;2006-01-18
759;Kábelek;HP PRINTER KÁBEL 3m;500;114;darab;2006-01-19
760;Kábelek;HP PRINTER KÁBEL 3m MINI36/DB25;1600;115;darab;2006-01-20
761;Kábelek;HP PRINTER KÁBEL 4.5m;500;116;darab;2006-01-21
762;Kábelek;HP PRINTER KÁBEL 7m;800;117;darab;2006-01-22
763;Kábelek;HP PRINTER KÁBEL 9m;700;118;darab;2006-01-23
764;Kábelek;PRINTER SOROS KÁBEL 25M/25F 2m;500;119;darab;2006-01-24
765;Kábelek;PRINTER SOROS KÁBEL 25M/25F 3m;400;120;darab;2006-01-25
766;Kábelek;PRINTER SWITCH KÁBEL 1,8m;400;121;darab;2006-01-26
767;Kábelek;PRINTER SWITCH KÁBEL 3m;400;122;darab;2006-01-27
768;Kábelek;PRINTER SWITCH KÁBEL 4,5m;600;123;darab;2006-01-28
769;Kábelek;PRINTER SWITCH KÁBEL 9m;800;124;darab;2006-01-29
770;Kábelek;PRINTER KÁBEL IEEE-1284 (7118);1200;125;darab;2006-01-30
771;Kábelek;HP PRINTER KÁBEL IEEE 1284 4,5m;2100;126;darab;2006-01-31
772;Kábelek;PRINTER KÁBEL SERIAL 9F/25M 1,8 m;500;127;darab;2006-02-01
773;Kábelek;VGA/EGA KÁBEL 15M/9M;600;128;darab;2006-02-02
774;Kábelek;QUALITY VGA KÁBEL HD 15M/M  2m;1000;129;darab;2006-02-03
775;Kábelek;QUALITY VGA KÁBEL HD 15M/M 3m;1100;130;darab;2006-02-04
776;Kábelek;QUALITY VGA KÁBEL 2m M/F HOSSZABBÍTÓ;1000;131;darab;2006-02-05
777;Kábelek;QUALITY VGA KÁBEL HD 15M/F 3m;1100;132;darab;2006-02-06
778;Kábelek;QUALITY VGA KÁBEL HD 15M/M 6m;1900;133;darab;2006-02-07
779;Kábelek;QUALITY VGA KÁBEL HD 15M/F 6m;1600;134;darab;2006-02-08
780;Kábelek;QUALITY VGA KÁBEL M/M 10m;2800;135;darab;2006-02-09
781;Kábelek;QUALITY VGA KÁBEL 15M/M 20m;5500;136;darab;2006-02-10
782;Kábelek;QUALITY VGA KÁBEL M/F 10m;2800;137;darab;2006-02-11
783;Kábelek;QUALITY VGA KÁBEL HD 15M/F  20m;5500;138;darab;2006-02-12
784;Kábelek;QUALITY VGA KÁBEL HD 15M/F  30m;7300;139;darab;2006-02-13
785;Kábelek;QUALITY VGA KÁBEL HD 15M/F  50m;15700;140;darab;2006-02-14
786;Kábelek;VGA-RGB KÁBEL 15M/5XBNC 1,8m;1100;141;darab;2006-02-15
787;Kábelek;USB-GAMEPORT CONVERTER AKTÍV  47013;3100;142;darab;2006-02-16
788;Kábelek;USB-PS/2 MOUSE ÉS KEY. CONV.  UAPS12 12.99.1076;1300;143;darab;2006-02-17
789;Kábelek;USB KÁBEL B-B 1,8m;300;144;darab;2006-02-18
790;Kábelek;USB HOSSZABÍTÓ KÁBEL 2m 2.0 A-A ;300;145;darab;2006-02-19
791;Kábelek;USB HOSSZABÍTÓ KÁBEL 3m 2.0 A-A ;400;146;darab;2006-02-20
792;Kábelek;USB HOSSZABÍTÓ KÁBEL 4,5m 2.0 A-A    ;500;147;darab;2006-02-21
793;Kábelek;USB KÁBEL A-B 1.8m 2.0;200;148;darab;2006-02-22
794;Kábelek;USB KÁBEL A-B 3m 2.0;300;149;darab;2006-02-23
795;Kábelek;USB KÁBEL A-B 5m 2.0;400;150;darab;2006-02-24
796;Kábelek;USB KÁBEL A-A 2m;300;151;darab;2006-02-25
797;Kábelek;USB KÁBEL A-A 5m;600;152;darab;2006-02-26
798;Kábelek;USB AKTÍV HOSSZABÍTÓ 2.0 5m (UEC1200);3100;153;darab;2006-02-27
799;Kábelek;USB KÁBEL 1,8m 4PIN MINI;500;154;darab;2006-02-28
800;Kábelek;USB KÁBEL 1.8m 4PIN HIROSE 8518;500;155;darab;2006-03-01
801;Kábelek;USB KÁBEL A-B 4pin 1.8m FUJI 11.99.8418R;400;156;darab;2006-03-02
802;Kábelek;USB KÁBEL A-B 2m  5 PIN MINI;500;157;darab;2006-03-03
803;Kábelek;ASONIC USB RS232 USB-SOROS ÁTALAKÍTÓ;2500;158;darab;2006-03-04
804;Kábelek;USB-RS232 SOROS KONVERTER UC-232;4100;159;darab;2006-03-05
805;Kábelek;USB LINK KÁBEL 2.0 PC-PC  ULK1200;3500;160;darab;2006-03-06
806;Kábelek;USB PRINTER CONVERTER IEEE 1284   CUM360;2000;161;darab;2006-03-07
807;Kábelek;FLOPPY TÁPKÁBEL 5,25  -4PIN ATX TÁP;200;162;darab;2006-03-08
808;Kábelek;FDD KÁBEL;300;163;darab;2006-03-09
809;Kábelek;FDD ROUND ECONOMY KÁBEL;400;164;darab;2006-03-10
810;Kábelek;AUDIO KÁBEL 2X3,5mm JACK 1,8m;400;165;darab;2006-03-11
811;Kábelek;AUDIO KÁBEL HOSSZABÍTÓ 3,5 JACK 10m;600;166;darab;2006-03-12
812;Kábelek;"""Y""  TÁPKÁBEL (2 x 5.25"")";200;167;darab;2006-03-13
813;Kábelek;"""Y"" TÁPKÁBEL (3,5"" - 5.25"")";200;168;darab;2006-03-14
814;Kábelek;HÛTÕ VENTILÁTOR Y TÁPKÁBEL 5P;200;169;darab;2006-03-15
815;Kábelek;IDE KÁBEL 3xIDC  0,4m;200;170;darab;2006-03-16
816;Kábelek;IDE KÁBEL UDMA100 45cm SÁRGA;400;171;darab;2006-03-17
817;Kábelek;IDE KÁBEL ATA100 0.9m SÁRGA;500;172;darab;2006-03-18
818;Kábelek;WINCHESTER ROUND KÁBEL.0,6m ATA100;1000;173;darab;2006-03-19
819;Kábelek;WINCHESTER ROUND KÁBEL 0,9m ATA100;900;174;darab;2006-03-20
820;Kábelek;FIREWIRE KÁBEL 4-4 2m;500;175;darab;2006-03-21
821;Kábelek;FIREWIRE KÁBEL 6-4 2m;500;176;darab;2006-03-22
822;Kábelek;FIREWIRE KÁBEL 6/6  3m BF9230;3900;177;darab;2006-03-23
823;Kábelek;FIREWIRE IEEE 1384 6/4 4,5m;1200;178;darab;2006-03-24
824;Kábelek;FIREWIRE KÁBEL 6-6 2m;600;179;darab;2006-03-25
825;Kábelek;FIREWIRE KÁBEL 1394 4/4 4,5m;1200;180;darab;2006-03-26
826;Kábelek;FIREWIRE IEEE 1384 6/6 4,5m;1200;181;darab;2006-03-27
827;Kábelek;FIREWIRE KÁBEL 4-9  2m;1200;182;darab;2006-03-28
828;Kábelek;FIREWIRE KÁBEL 6-9  2m;1200;183;darab;2006-03-29
829;Kábelek;LAPLINK ADAPTER PRINTERKÁBELHEZ;400;184;darab;2006-03-30
830;Kábelek;MINI ADAPTER DB9M/M TOLDÓ;300;185;darab;2006-03-31
831;Kábelek;MINI ADAPTER DB9F/F TOLDÓ;300;186;darab;2006-04-01
832;Kábelek;MINI ADAPTER DB25M/M TOLDÓ;300;187;darab;2006-04-02
833;Kábelek;MINI ADAPTER DB25F/F TOLDÓ;300;188;darab;2006-04-03
834;Kábelek;MINI ADAPTER HD15M/M TOLDÓ;500;189;darab;2006-04-04
835;Kábelek;MINI ADAPTER HD15F/F TOLDÓ;500;190;darab;2006-04-05
836;Kábelek;AT MODEM KÁBEL 9/25 1.8m;400;191;darab;2006-04-06
837;Kábelek;PC MODEM KÁBEL 25F/M 1.8m;400;192;darab;2006-04-07
838;Kábelek;PC MODEM KÁBEL 25F/M 4,5m;600;193;darab;2006-04-08
839;Kábelek;PC MIDI KÁBEL;1700;194;darab;2006-04-09
840;Kábelek;CD ROM AUDIÓ KÁBEL ( Combo );400;195;darab;2006-04-10
841;Kábelek;VHS KÁBEL MD4M/MD4M 5m;500;196;darab;2006-04-11
842;Kábelek;VHS KÁBEL MD4M/MD4M 10m;600;197;darab;2006-04-12
843;Kábelek;SERIAL LINK KÁBEL 9/9 1.8m;400;198;darab;2006-04-13
844;Kábelek;SERIAL LINK KÁBEL DB9F/DB25F 2m;400;199;darab;2006-04-14
845;Kábelek;SERIAL LINK KÁBEL 9/25 3m;400;200;darab;2006-04-15
846;Kábelek;SERIAL LINK KÁBEL 25F/25 1.8m;400;201;darab;2006-04-16
847;Kábelek;SERIAL LINK KÁBEL 25/25 4.5m;600;202;darab;2006-04-17
848;Kábelek;LAPLINK KÁBEL PARALEL PORTRA 4m;600;203;darab;2006-04-18
849;Kábelek;LAPLINK KÁBEL 2m PARALELL PORTRA;400;204;darab;2006-04-19
850;Kábelek;BILLENTYÛZET HOSSZABÍTÓ KÁBEL 3m;300;205;darab;2006-04-20
851;Kábelek;BILLENTYÛZET HOSSZABÍTÓ M/F 6m;600;206;darab;2006-04-21
852;Kábelek;BILLENTYÛZET KÁBEL M/M 1.8m;400;207;darab;2006-04-22
853;Kábelek;MOUSE HOSSZABÍTÓ KÁBEL M/F 2m;300;208;darab;2006-04-23
854;Kábelek;MOUSE HOSSZABÍTÓ KÁBEL M/F 3m;400;209;darab;2006-04-24
855;Kábelek;MOUSE HOSSZABÍTÓ KÁBEL M/F 4,5m;500;210;darab;2006-04-25
856;Kábelek;MOUSE HOSSZABÍTÓ KÁBEL M/F 10m;800;211;darab;2006-04-26
857;Kábelek;PS/2 BILLENTYÛZET ÁTALAKÍTÓ F/M;200;212;darab;2006-04-27
858;Kábelek;PS/2 BILLENTYÛZET ÁTALAKÍTÓ M/F;200;213;darab;2006-04-28
859;Kábelek;PS/2 KÁBEL 2m M/M;200;214;darab;2006-04-29
860;Kábelek;PS/2 KÁBEL 3m M/M;300;215;darab;2006-04-30
861;Kábelek;PS/2 KÁBEL MINIDIN 6M/M 3m;400;216;darab;2006-05-01
862;Kábelek;PS/2 KÁBEL 6m M/F;500;217;darab;2006-05-02
863;Kábelek;PS/2 KÁBEL 6m M/M;300;218;darab;2006-05-03
864;Kábelek;PS/2 HOSSZABÍTÓ KÁBEL M/F 2m;200;219;darab;2006-05-04
865;Kábelek;PS/2 HOSSZABÍTÓ KÁBEL M/F 10m;700;220;darab;2006-05-05
866;Kábelek;PS/2 HOSSZABÍTÓ KÁBEL M/F 20m MINIDIN 6M/6F;1100;221;darab;2006-05-06
867;Kábelek;PS/2 VGA/KEY./MOU SWITCH KÁBEL 2m M/M;1600;222;darab;2006-05-07
868;Kábelek;PS/2 VGA/KEY./MOU SWITCH KÁBEL 3m M/M;2100;223;darab;2006-05-08
869;Kábelek;PS/2 VGA/KEY./MOU SWITCH KÁBEL 6m M/M;3600;224;darab;2006-05-09
870;Kábelek;PS/2 VGA/KEY./MOU SWITCH KÁBEL 2m M/F;1700;225;darab;2006-05-10
871;Kábelek;PS/2 VGA/KEY./MOU SWITCH KÁBEL 3m M/F;2200;226;darab;2006-05-11
872;Kábelek;PS/2 VGA/KEY./MOU SWITCH KÁBEL 6m M/F;5500;227;darab;2006-05-12
873;Kábelek;HÁLÓZATI TÁPKÁBEL FÖLDELETLEN (BOROTVA, MAGNÓ );200;228;darab;2006-05-13
874;Kábelek;HÁLÓZATI TÁPKÁBEL 2m;300;229;darab;2006-05-14
875;Kábelek;HÁLÓZATI TÁPKÁBEL NOTEBOOKHOZ;600;230;darab;2006-05-15
876;Kábelek;MONITOR TÁPKÁBEL;300;231;darab;2006-05-16
877;Kábelek;DVI KÁBEL SINGLE LINK M/M 2m;1400;232;darab;2006-05-17
878;Kábelek;DVI ADAPTER 15F/24-5 ROLINE 3105;600;233;darab;2006-05-18
879;Kábelek;DVI ADAPTER 15M/24-5F DVIF 3110;800;234;darab;2006-05-19
880;Kábelek;DVI KÁBEL DVIM/DVIF DUAL LINK;1600;235;darab;2006-05-20
881;Kábelek;DVI KÁBEL DVIM/DVIF DUAL LINK 3m;2400;236;darab;2006-05-21
882;Kábelek;DVI KÁBEL DVIM/DVIF DUAL LINK 5m;3600;237;darab;2006-05-22
883;Kábelek;DVI KÁBEL DVIM/DVIF DUAL LINK 10m;5000;238;darab;2006-05-23
884;Kábelek;DVI KÁBEL DVIM/DVIM 2m DUAL LINK;1700;239;darab;2006-05-24
885;Kábelek;DVI KÁBEL DVIM/DVIM 3m DUAL LINK;4800;240;darab;2006-05-25
886;Kábelek;DVI KÁBEL DVIM/DVIM 5m DUAL LINK;5900;241;darab;2006-05-26
